"id","submitdate","lastpage","startlanguage","intro","leeftijd","Geslacht","Geslacht[other]","opleiding","opleiding[other]","vr1004","vr1005","vr1006","vr1007","vr1008","vr1009","vr1010","vr1011","vr1012","vr1013","vr1014","vr1015","vr1016","vr1017","vr1018","Eindvraag","Score"
"6","1980-01-01 00:00:00","19","en","{ ""v5"":{ ""group"":""B"",""answers"":[""Francisca"",""Hester"",""Malou"",""Gwen""]},""v12"":{ ""group"":""A"",""answers"":[""Romy"",""Denise"",""Naomi"",""Sharon""]},""v4"":{ ""group"":""B"",""answers"":[""Lex"",""Douwe"",""Harmen"",""Mitch""]},""v15"":{ ""group"":""A"",""answers"":[""Laura"",""Sandra"",""Ilse"",""Ellen""]},""v11"":{ ""group"":""B"",""answers"":[""Pauline"",""Wietske"",""Christina"",""Megan""]},""v9"":{ ""group"":""A"",""answers"":[""Anne"",""Tessa"",""Lotte"",""Nina""]},""v1"":{ ""group"":""B"",""answers"":[""Daan"",""Jelle"",""Willem"",""Mike""]},""v8"":{ ""group"":""A"",""answers"":[""Ward"",""Noud"",""Abel"",""Sten""]},""v3"":{ ""group"":""B"",""answers"":[""Rens"",""Hidde"",""Jacob"",""Dave""]},""v14"":{ ""group"":""B"",""answers"":[""Lana"",""Rinske"",""Theresia"",""Yentl""]},""v13"":{ ""group"":""B"",""answers"":[""Jaap"",""Marten"",""Arend"",""Finn""]},""v2"":{ ""group"":""B"",""answers"":[""Sanne"",""Femke"",""Kim"",""Johanna""]},""v7"":{ ""group"":""A"",""answers"":[""Anyck"",""Valérie"",""Marie"",""Inez""]},""v6"":{ ""group"":""A"",""answers"":[""Nadine"",""Amanda"",""Sabrina"",""Cynthia""]},""v10"":{ ""group"":""A"",""answers"":[""Iris"",""Floor"",""Lieke"",""Vera""]}}","22","man","","VWO","","Jelle","Johanna","Dave","Lex","Francisca","Amanda","Anyck","Ward","Anne","Vera","Pauline","Romy","Jaap","Lana","Ellen","Nee",""
"7","1980-01-01 00:00:00","19","en","{ ""v5"":{ ""group"":""B"",""answers"":[""Francisca"",""Hester"",""Malou"",""Gwen""]},""v12"":{ ""group"":""B"",""answers"":[""Romy"",""Fenna"",""Adriana"",""Eline""]},""v4"":{ ""group"":""A"",""answers"":[""Lex"",""Jort"",""Wout"",""Jip""]},""v15"":{ ""group"":""B"",""answers"":[""Laura"",""Nynke"",""Maria"",""Jill""]},""v11"":{ ""group"":""B"",""answers"":[""Pauline"",""Wietske"",""Christina"",""Megan""]},""v9"":{ ""group"":""A"",""answers"":[""Anne"",""Tessa"",""Lotte"",""Nina""]},""v1"":{ ""group"":""A"",""answers"":[""Daan"",""Bart"",""Rick"",""Tom""]},""v8"":{ ""group"":""A"",""answers"":[""Ward"",""Noud"",""Abel"",""Sten""]},""v3"":{ ""group"":""B"",""answers"":[""Rens"",""Hidde"",""Jacob"",""Dave""]},""v14"":{ ""group"":""B"",""answers"":[""Lana"",""Rinske"",""Theresia"",""Yentl""]},""v13"":{ ""group"":""A"",""answers"":[""Jaap"",""Boris"",""Freek"",""Mart""]},""v2"":{ ""group"":""A"",""answers"":[""Sanne"",""Lisa"",""Eva"",""Roos""]},""v7"":{ ""group"":""B"",""answers"":[""Anyck"",""Benthe"",""Jantine"",""Lois""]},""v6"":{ ""group"":""B"",""answers"":[""Nadine"",""Renske"",""Wilhelmina"",""Lianne""]},""v10"":{ ""group"":""A"",""answers"":[""Iris"",""Floor"",""Lieke"",""Vera""]}}","22","man","","VWO","","Daan","Eva","Rens","Lex","Hester","Lianne","Anyck","Ward","Anne","Iris","Christina","Fenna","Jaap","Yentl","Maria","Nee",""
"8","1980-01-01 00:00:00","19","en","{ ""v5"":{ ""group"":""B"",""answers"":[""Francisca"",""Hester"",""Malou"",""Gwen""]},""v12"":{ ""group"":""B"",""answers"":[""Romy"",""Fenna"",""Adriana"",""Eline""]},""v4"":{ ""group"":""A"",""answers"":[""Lex"",""Jort"",""Wout"",""Jip""]},""v15"":{ ""group"":""A"",""answers"":[""Laura"",""Sandra"",""Ilse"",""Ellen""]},""v11"":{ ""group"":""B"",""answers"":[""Pauline"",""Wietske"",""Christina"",""Megan""]},""v9"":{ ""group"":""B"",""answers"":[""Anne"",""Maaike"",""Elisabeth"",""Joyce""]},""v1"":{ ""group"":""B"",""answers"":[""Daan"",""Jelle"",""Willem"",""Mike""]},""v8"":{ ""group"":""B"",""answers"":[""Ward"",""Jelte"",""Markus"",""Scott""]},""v3"":{ ""group"":""B"",""answers"":[""Rens"",""Hidde"",""Jacob"",""Dave""]},""v14"":{ ""group"":""A"",""answers"":[""Lana"",""Stella"",""Mila"",""Dewi""]},""v13"":{ ""group"":""A"",""answers"":[""Jaap"",""Boris"",""Freek"",""Mart""]},""v2"":{ ""group"":""A"",""answers"":[""Sanne"",""Lisa"",""Eva"",""Roos""]},""v7"":{ ""group"":""A"",""answers"":[""Anyck"",""Valérie"",""Marie"",""Inez""]},""v6"":{ ""group"":""A"",""answers"":[""Nadine"",""Amanda"",""Sabrina"",""Cynthia""]},""v10"":{ ""group"":""B"",""answers"":[""Iris"",""Nienke"",""Cornelia"",""Britt""]}}","22","man","","VWO","","Jelle","Sanne","Jacob","Wout","Gwen","Cynthia","Valérie","Scott","Elisabeth","Cornelia","Megan","Eline","Freek","Dewi","Laura","Ja",""
"9","","2","en","{ ""v5"":{ ""group"":""A"",""answers"":[""Francisca"",""Margaretha"",""Carolina"",""Antonia""]},""v12"":{ ""group"":""A"",""answers"":[""Romy"",""Denise"",""Naomi"",""Sharon""]},""v4"":{ ""group"":""B"",""answers"":[""Lex"",""Douwe"",""Harmen"",""Mitch""]},""v15"":{ ""group"":""A"",""answers"":[""Laura"",""Sandra"",""Ilse"",""Ellen""]},""v11"":{ ""group"":""B"",""answers"":[""Pauline"",""Wietske"",""Christina"",""Megan""]},""v9"":{ ""group"":""A"",""answers"":[""Anne"",""Tessa"",""Lotte"",""Nina""]},""v1"":{ ""group"":""B"",""answers"":[""Daan"",""Jelle"",""Willem"",""Mike""]},""v8"":{ ""group"":""A"",""answers"":[""Ward"",""Noud"",""Abel"",""Sten""]},""v3"":{ ""group"":""B"",""answers"":[""Rens"",""Hidde"",""Jacob"",""Dave""]},""v14"":{ ""group"":""A"",""answers"":[""Lana"",""Stella"",""Mila"",""Dewi""]},""v13"":{ ""group"":""B"",""answers"":[""Jaap"",""Marten"",""Arend"",""Finn""]},""v2"":{ ""group"":""A"",""answers"":[""Sanne"",""Lisa"",""Eva"",""Roos""]},""v7"":{ ""group"":""B"",""answers"":[""Anyck"",""Benthe"",""Jantine"",""Lois""]},""v6"":{ ""group"":""B"",""answers"":[""Nadine"",""Renske"",""Wilhelmina"",""Lianne""]},""v10"":{ ""group"":""A"",""answers"":[""Iris"",""Floor"",""Lieke"",""Vera""]}}","22","man","","VWO","","","","","","","","","","","","","","","","","",""
"10","1980-01-01 00:00:00","19","en","{ ""v5"":{ ""group"":""B"",""answers"":[""Francisca"",""Hester"",""Malou"",""Gwen""]},""v12"":{ ""group"":""B"",""answers"":[""Romy"",""Fenna"",""Adriana"",""Eline""]},""v4"":{ ""group"":""B"",""answers"":[""Lex"",""Douwe"",""Harmen"",""Mitch""]},""v15"":{ ""group"":""B"",""answers"":[""Laura"",""Nynke"",""Maria"",""Jill""]},""v11"":{ ""group"":""B"",""answers"":[""Pauline"",""Wietske"",""Christina"",""Megan""]},""v9"":{ ""group"":""A"",""answers"":[""Anne"",""Tessa"",""Lotte"",""Nina""]},""v1"":{ ""group"":""A"",""answers"":[""Daan"",""Bart"",""Rick"",""Tom""]},""v8"":{ ""group"":""A"",""answers"":[""Ward"",""Noud"",""Abel"",""Sten""]},""v3"":{ ""group"":""A"",""answers"":[""Rens"",""Sem"",""Luc"",""Joep""]},""v14"":{ ""group"":""A"",""answers"":[""Lana"",""Stella"",""Mila"",""Dewi""]},""v13"":{ ""group"":""B"",""answers"":[""Jaap"",""Marten"",""Arend"",""Finn""]},""v2"":{ ""group"":""A"",""answers"":[""Sanne"",""Lisa"",""Eva"",""Roos""]},""v7"":{ ""group"":""B"",""answers"":[""Anyck"",""Benthe"",""Jantine"",""Lois""]},""v6"":{ ""group"":""B"",""answers"":[""Nadine"",""Renske"",""Wilhelmina"",""Lianne""]},""v10"":{ ""group"":""A"",""answers"":[""Iris"",""Floor"",""Lieke"",""Vera""]}}","99","man","","Other","test gerrit","Daan","Sanne","Rens","Douwe","Malou","Renske","Benthe","Noud","Tessa","Floor","Christina","Eline","Marten","Mila","Nynke","Nee",""
"12","1980-01-01 00:00:00","19","en","{ ""v5"":{ ""group"":""B"",""answers"":[""Francisca"",""Hester"",""Malou"",""Gwen""]},""v12"":{ ""group"":""A"",""answers"":[""Romy"",""Denise"",""Naomi"",""Sharon""]},""v4"":{ ""group"":""B"",""answers"":[""Lex"",""Douwe"",""Harmen"",""Mitch""]},""v15"":{ ""group"":""A"",""answers"":[""Laura"",""Sandra"",""Ilse"",""Ellen""]},""v11"":{ ""group"":""A"",""answers"":[""Pauline"",""Willemijn"",""Annemarie"",""Marissa""]},""v9"":{ ""group"":""B"",""answers"":[""Anne"",""Maaike"",""Elisabeth"",""Joyce""]},""v1"":{ ""group"":""B"",""answers"":[""Daan"",""Jelle"",""Willem"",""Mike""]},""v8"":{ ""group"":""B"",""answers"":[""Ward"",""Jelte"",""Markus"",""Scott""]},""v3"":{ ""group"":""A"",""answers"":[""Rens"",""Sem"",""Luc"",""Joep""]},""v14"":{ ""group"":""A"",""answers"":[""Lana"",""Stella"",""Mila"",""Dewi""]},""v13"":{ ""group"":""B"",""answers"":[""Jaap"",""Marten"",""Arend"",""Finn""]},""v2"":{ ""group"":""A"",""answers"":[""Sanne"",""Lisa"",""Eva"",""Roos""]},""v7"":{ ""group"":""A"",""answers"":[""Anyck"",""Valérie"",""Marie"",""Inez""]},""v6"":{ ""group"":""B"",""answers"":[""Nadine"",""Renske"",""Wilhelmina"",""Lianne""]},""v10"":{ ""group"":""A"",""answers"":[""Iris"",""Floor"",""Lieke"",""Vera""]}}","99","man","","Other","test3 gerrit","Jelle","Sanne","Luc","Douwe","Hester","Wilhelmina","Inez","Jelte","Elisabeth","Lieke","Marissa","Romy","Finn","Stella","Laura","Nee",""
"14","1980-01-01 00:00:00","19","en","{ ""v5"":{ ""group"":""A"",""answers"":[""Francisca"",""Margaretha"",""Carolina"",""Antonia""]},""v12"":{ ""group"":""A"",""answers"":[""Romy"",""Denise"",""Naomi"",""Sharon""]},""v4"":{ ""group"":""B"",""answers"":[""Lex"",""Douwe"",""Harmen"",""Mitch""]},""v15"":{ ""group"":""A"",""answers"":[""Laura"",""Sandra"",""Ilse"",""Ellen""]},""v11"":{ ""group"":""A"",""answers"":[""Pauline"",""Willemijn"",""Annemarie"",""Marissa""]},""v9"":{ ""group"":""B"",""answers"":[""Anne"",""Maaike"",""Elisabeth"",""Joyce""]},""v1"":{ ""group"":""B"",""answers"":[""Daan"",""Jelle"",""Willem"",""Mike""]},""v8"":{ ""group"":""B"",""answers"":[""Ward"",""Jelte"",""Markus"",""Scott""]},""v3"":{ ""group"":""B"",""answers"":[""Rens"",""Hidde"",""Jacob"",""Dave""]},""v14"":{ ""group"":""B"",""answers"":[""Lana"",""Rinske"",""Theresia"",""Yentl""]},""v13"":{ ""group"":""A"",""answers"":[""Jaap"",""Boris"",""Freek"",""Mart""]},""v2"":{ ""group"":""B"",""answers"":[""Sanne"",""Femke"",""Kim"",""Johanna""]},""v7"":{ ""group"":""B"",""answers"":[""Anyck"",""Benthe"",""Jantine"",""Lois""]},""v6"":{ ""group"":""A"",""answers"":[""Nadine"",""Amanda"",""Sabrina"",""Cynthia""]},""v10"":{ ""group"":""A"",""answers"":[""Iris"",""Floor"",""Lieke"",""Vera""]}}","99","man","","Other","test4 Gerrit","Jelle","Femke","Rens","Lex","Francisca","Nadine","Anyck","Markus","Joyce","Vera","Annemarie","Romy","Jaap","Rinske","Ellen","Nee",""
"16","","1","en","{ ""v5"":{ ""group"":""B"",""answers"":[""Francisca"",""Hester"",""Malou"",""Gwen""]},""v12"":{ ""group"":""B"",""answers"":[""Romy"",""Fenna"",""Adriana"",""Eline""]},""v4"":{ ""group"":""A"",""answers"":[""Lex"",""Jort"",""Wout"",""Jip""]},""v15"":{ ""group"":""A"",""answers"":[""Laura"",""Sandra"",""Ilse"",""Ellen""]},""v11"":{ ""group"":""B"",""answers"":[""Pauline"",""Wietske"",""Christina"",""Megan""]},""v9"":{ ""group"":""B"",""answers"":[""Anne"",""Maaike"",""Elisabeth"",""Joyce""]},""v1"":{ ""group"":""B"",""answers"":[""Daan"",""Jelle"",""Willem"",""Mike""]},""v8"":{ ""group"":""B"",""answers"":[""Ward"",""Jelte"",""Markus"",""Scott""]},""v3"":{ ""group"":""A"",""answers"":[""Rens"",""Sem"",""Luc"",""Joep""]},""v14"":{ ""group"":""B"",""answers"":[""Lana"",""Rinske"",""Theresia"",""Yentl""]},""v13"":{ ""group"":""B"",""answers"":[""Jaap"",""Marten"",""Arend"",""Finn""]},""v2"":{ ""group"":""A"",""answers"":[""Sanne"",""Lisa"",""Eva"",""Roos""]},""v7"":{ ""group"":""A"",""answers"":[""Anyck"",""Valérie"",""Marie"",""Inez""]},""v6"":{ ""group"":""A"",""answers"":[""Nadine"",""Amanda"",""Sabrina"",""Cynthia""]},""v10"":{ ""group"":""A"",""answers"":[""Iris"",""Floor"",""Lieke"",""Vera""]}}","","","","","","","","","","","","","","","","","","","","","",""
"17","1980-01-01 00:00:00","19","en","{ ""v5"":{ ""group"":""A"",""answers"":[""Francisca"",""Margaretha"",""Carolina"",""Antonia""]},""v12"":{ ""group"":""A"",""answers"":[""Romy"",""Denise"",""Naomi"",""Sharon""]},""v4"":{ ""group"":""A"",""answers"":[""Lex"",""Jort"",""Wout"",""Jip""]},""v15"":{ ""group"":""A"",""answers"":[""Laura"",""Sandra"",""Ilse"",""Ellen""]},""v11"":{ ""group"":""B"",""answers"":[""Pauline"",""Wietske"",""Christina"",""Megan""]},""v9"":{ ""group"":""B"",""answers"":[""Anne"",""Maaike"",""Elisabeth"",""Joyce""]},""v1"":{ ""group"":""A"",""answers"":[""Daan"",""Bart"",""Rick"",""Tom""]},""v8"":{ ""group"":""A"",""answers"":[""Ward"",""Noud"",""Abel"",""Sten""]},""v3"":{ ""group"":""B"",""answers"":[""Rens"",""Hidde"",""Jacob"",""Dave""]},""v14"":{ ""group"":""B"",""answers"":[""Lana"",""Rinske"",""Theresia"",""Yentl""]},""v13"":{ ""group"":""B"",""answers"":[""Jaap"",""Marten"",""Arend"",""Finn""]},""v2"":{ ""group"":""B"",""answers"":[""Sanne"",""Femke"",""Kim"",""Johanna""]},""v7"":{ ""group"":""B"",""answers"":[""Anyck"",""Benthe"",""Jantine"",""Lois""]},""v6"":{ ""group"":""B"",""answers"":[""Nadine"",""Renske"",""Wilhelmina"",""Lianne""]},""v10"":{ ""group"":""A"",""answers"":[""Iris"",""Floor"",""Lieke"",""Vera""]}}","22","man","","VWO","","Tom","Johanna","Hidde","Lex","Antonia","Wilhelmina","Anyck","Noud","Anne","Iris","Wietske","Romy","Arend","Theresia","Laura","Ja",""
"18","1980-01-01 00:00:00","19","en","{ ""v5"":{ ""group"":""A"",""answers"":[""Francisca"",""Margaretha"",""Carolina"",""Antonia""]},""v12"":{ ""group"":""A"",""answers"":[""Romy"",""Denise"",""Naomi"",""Sharon""]},""v4"":{ ""group"":""A"",""answers"":[""Lex"",""Jort"",""Wout"",""Jip""]},""v15"":{ ""group"":""B"",""answers"":[""Laura"",""Nynke"",""Maria"",""Jill""]},""v11"":{ ""group"":""B"",""answers"":[""Pauline"",""Wietske"",""Christina"",""Megan""]},""v9"":{ ""group"":""A"",""answers"":[""Anne"",""Tessa"",""Lotte"",""Nina""]},""v1"":{ ""group"":""B"",""answers"":[""Daan"",""Jelle"",""Willem"",""Mike""]},""v8"":{ ""group"":""B"",""answers"":[""Ward"",""Jelte"",""Markus"",""Scott""]},""v3"":{ ""group"":""A"",""answers"":[""Rens"",""Sem"",""Luc"",""Joep""]},""v14"":{ ""group"":""B"",""answers"":[""Lana"",""Rinske"",""Theresia"",""Yentl""]},""v13"":{ ""group"":""B"",""answers"":[""Jaap"",""Marten"",""Arend"",""Finn""]},""v2"":{ ""group"":""B"",""answers"":[""Sanne"",""Femke"",""Kim"",""Johanna""]},""v7"":{ ""group"":""A"",""answers"":[""Anyck"",""Valérie"",""Marie"",""Inez""]},""v6"":{ ""group"":""A"",""answers"":[""Nadine"",""Amanda"",""Sabrina"",""Cynthia""]},""v10"":{ ""group"":""B"",""answers"":[""Iris"",""Nienke"",""Cornelia"",""Britt""]}}","33","man","","WO","","Willem","Femke","Rens","Lex","Margaretha","Sabrina","Anyck","Ward","Anne","Britt","Pauline","Denise","Finn","Lana","Nynke","Ja",""
"19","","18","en","{ ""v5"":{ ""group"":""A"",""answers"":[""Francisca"",""Margaretha"",""Carolina"",""Antonia""]},""v12"":{ ""group"":""A"",""answers"":[""Romy"",""Denise"",""Naomi"",""Sharon""]},""v4"":{ ""group"":""B"",""answers"":[""Lex"",""Douwe"",""Harmen"",""Mitch""]},""v15"":{ ""group"":""B"",""answers"":[""Laura"",""Nynke"",""Maria"",""Jill""]},""v11"":{ ""group"":""B"",""answers"":[""Pauline"",""Wietske"",""Christina"",""Megan""]},""v9"":{ ""group"":""B"",""answers"":[""Anne"",""Maaike"",""Elisabeth"",""Joyce""]},""v1"":{ ""group"":""A"",""answers"":[""Daan"",""Bart"",""Rick"",""Tom""]},""v8"":{ ""group"":""B"",""answers"":[""Ward"",""Jelte"",""Markus"",""Scott""]},""v3"":{ ""group"":""B"",""answers"":[""Rens"",""Hidde"",""Jacob"",""Dave""]},""v14"":{ ""group"":""B"",""answers"":[""Lana"",""Rinske"",""Theresia"",""Yentl""]},""v13"":{ ""group"":""A"",""answers"":[""Jaap"",""Boris"",""Freek"",""Mart""]},""v2"":{ ""group"":""A"",""answers"":[""Sanne"",""Lisa"",""Eva"",""Roos""]},""v7"":{ ""group"":""A"",""answers"":[""Anyck"",""Valérie"",""Marie"",""Inez""]},""v6"":{ ""group"":""A"",""answers"":[""Nadine"",""Amanda"",""Sabrina"",""Cynthia""]},""v10"":{ ""group"":""A"",""answers"":[""Iris"",""Floor"",""Lieke"",""Vera""]}}","22","man","","VWO","","Bart","Eva","Dave","Lex","Margaretha","Sabrina","Inez","Markus","Maaike","Floor","Megan","Naomi","Freek","Rinske","Jill","Nee",""
"20","1980-01-01 00:00:00","19","en","{ ""v5"":{ ""group"":""A"",""answers"":[""Francisca"",""Margaretha"",""Carolina"",""Antonia""]},""v12"":{ ""group"":""A"",""answers"":[""Romy"",""Denise"",""Naomi"",""Sharon""]},""v4"":{ ""group"":""A"",""answers"":[""Lex"",""Jort"",""Wout"",""Jip""]},""v15"":{ ""group"":""B"",""answers"":[""Laura"",""Nynke"",""Maria"",""Jill""]},""v11"":{ ""group"":""B"",""answers"":[""Pauline"",""Wietske"",""Christina"",""Megan""]},""v9"":{ ""group"":""A"",""answers"":[""Anne"",""Tessa"",""Lotte"",""Nina""]},""v1"":{ ""group"":""A"",""answers"":[""Daan"",""Bart"",""Rick"",""Tom""]},""v8"":{ ""group"":""B"",""answers"":[""Ward"",""Jelte"",""Markus"",""Scott""]},""v3"":{ ""group"":""B"",""answers"":[""Rens"",""Hidde"",""Jacob"",""Dave""]},""v14"":{ ""group"":""B"",""answers"":[""Lana"",""Rinske"",""Theresia"",""Yentl""]},""v13"":{ ""group"":""B"",""answers"":[""Jaap"",""Marten"",""Arend"",""Finn""]},""v2"":{ ""group"":""A"",""answers"":[""Sanne"",""Lisa"",""Eva"",""Roos""]},""v7"":{ ""group"":""A"",""answers"":[""Anyck"",""Valérie"",""Marie"",""Inez""]},""v6"":{ ""group"":""A"",""answers"":[""Nadine"",""Amanda"",""Sabrina"",""Cynthia""]},""v10"":{ ""group"":""B"",""answers"":[""Iris"",""Nienke"",""Cornelia"",""Britt""]}}","99","man","","Other","test5 Gerrit","Daan","Sanne","Rens","Lex","Francisca","Nadine","Anyck","Ward","Anne","Iris","Pauline","Romy","Jaap","Lana","Laura","Nee",""
"21","1980-01-01 00:00:00","19","en","{ ""v5"":{ ""group"":""B"",""answers"":[""Francisca"",""Hester"",""Malou"",""Gwen""]},""v12"":{ ""group"":""B"",""answers"":[""Romy"",""Fenna"",""Adriana"",""Eline""]},""v4"":{ ""group"":""B"",""answers"":[""Lex"",""Douwe"",""Harmen"",""Mitch""]},""v15"":{ ""group"":""A"",""answers"":[""Laura"",""Sandra"",""Ilse"",""Ellen""]},""v11"":{ ""group"":""A"",""answers"":[""Pauline"",""Willemijn"",""Annemarie"",""Marissa""]},""v9"":{ ""group"":""A"",""answers"":[""Anne"",""Tessa"",""Lotte"",""Nina""]},""v1"":{ ""group"":""A"",""answers"":[""Daan"",""Bart"",""Rick"",""Tom""]},""v8"":{ ""group"":""B"",""answers"":[""Ward"",""Jelte"",""Markus"",""Scott""]},""v3"":{ ""group"":""A"",""answers"":[""Rens"",""Sem"",""Luc"",""Joep""]},""v14"":{ ""group"":""B"",""answers"":[""Lana"",""Rinske"",""Theresia"",""Yentl""]},""v13"":{ ""group"":""A"",""answers"":[""Jaap"",""Boris"",""Freek"",""Mart""]},""v2"":{ ""group"":""A"",""answers"":[""Sanne"",""Lisa"",""Eva"",""Roos""]},""v7"":{ ""group"":""B"",""answers"":[""Anyck"",""Benthe"",""Jantine"",""Lois""]},""v6"":{ ""group"":""B"",""answers"":[""Nadine"",""Renske"",""Wilhelmina"",""Lianne""]},""v10"":{ ""group"":""B"",""answers"":[""Iris"",""Nienke"",""Cornelia"",""Britt""]}}","24","vrouw","","WO","","Daan","Eva","Luc","Douwe","Hester","Renske","Jantine","Markus","Nina","Nienke","Pauline","Romy","Boris","Lana","Sandra","Nee",""
"22","1980-01-01 00:00:00","19","en","{ ""v5"":{ ""group"":""B"",""answers"":[""Francisca"",""Hester"",""Malou"",""Gwen""]},""v12"":{ ""group"":""B"",""answers"":[""Romy"",""Fenna"",""Adriana"",""Eline""]},""v4"":{ ""group"":""B"",""answers"":[""Lex"",""Douwe"",""Harmen"",""Mitch""]},""v15"":{ ""group"":""A"",""answers"":[""Laura"",""Sandra"",""Ilse"",""Ellen""]},""v11"":{ ""group"":""A"",""answers"":[""Pauline"",""Willemijn"",""Annemarie"",""Marissa""]},""v9"":{ ""group"":""A"",""answers"":[""Anne"",""Tessa"",""Lotte"",""Nina""]},""v1"":{ ""group"":""B"",""answers"":[""Daan"",""Jelle"",""Willem"",""Mike""]},""v8"":{ ""group"":""A"",""answers"":[""Ward"",""Noud"",""Abel"",""Sten""]},""v3"":{ ""group"":""A"",""answers"":[""Rens"",""Sem"",""Luc"",""Joep""]},""v14"":{ ""group"":""A"",""answers"":[""Lana"",""Stella"",""Mila"",""Dewi""]},""v13"":{ ""group"":""B"",""answers"":[""Jaap"",""Marten"",""Arend"",""Finn""]},""v2"":{ ""group"":""A"",""answers"":[""Sanne"",""Lisa"",""Eva"",""Roos""]},""v7"":{ ""group"":""A"",""answers"":[""Anyck"",""Valérie"",""Marie"",""Inez""]},""v6"":{ ""group"":""B"",""answers"":[""Nadine"",""Renske"",""Wilhelmina"",""Lianne""]},""v10"":{ ""group"":""B"",""answers"":[""Iris"",""Nienke"",""Cornelia"",""Britt""]}}","54","man","","WO","","Daan","Sanne","Luc","Douwe","Malou","Renske","Inez","Ward","Nina","Nienke","Pauline","Romy","Jaap","Lana","Laura","Nee",""
"23","1980-01-01 00:00:00","19","en","{ ""v5"":{ ""group"":""A"",""answers"":[""Francisca"",""Margaretha"",""Carolina"",""Antonia""]},""v12"":{ ""group"":""B"",""answers"":[""Romy"",""Fenna"",""Adriana"",""Eline""]},""v4"":{ ""group"":""B"",""answers"":[""Lex"",""Douwe"",""Harmen"",""Mitch""]},""v15"":{ ""group"":""B"",""answers"":[""Laura"",""Nynke"",""Maria"",""Jill""]},""v11"":{ ""group"":""B"",""answers"":[""Pauline"",""Wietske"",""Christina"",""Megan""]},""v9"":{ ""group"":""B"",""answers"":[""Anne"",""Maaike"",""Elisabeth"",""Joyce""]},""v1"":{ ""group"":""B"",""answers"":[""Daan"",""Jelle"",""Willem"",""Mike""]},""v8"":{ ""group"":""A"",""answers"":[""Ward"",""Noud"",""Abel"",""Sten""]},""v3"":{ ""group"":""B"",""answers"":[""Rens"",""Hidde"",""Jacob"",""Dave""]},""v14"":{ ""group"":""B"",""answers"":[""Lana"",""Rinske"",""Theresia"",""Yentl""]},""v13"":{ ""group"":""A"",""answers"":[""Jaap"",""Boris"",""Freek"",""Mart""]},""v2"":{ ""group"":""A"",""answers"":[""Sanne"",""Lisa"",""Eva"",""Roos""]},""v7"":{ ""group"":""A"",""answers"":[""Anyck"",""Valérie"",""Marie"",""Inez""]},""v6"":{ ""group"":""A"",""answers"":[""Nadine"",""Amanda"",""Sabrina"",""Cynthia""]},""v10"":{ ""group"":""A"",""answers"":[""Iris"",""Floor"",""Lieke"",""Vera""]}}","60","man","","WO","","Daan","Lisa","Hidde","Douwe","Margaretha","Cynthia","Valérie","Ward","Elisabeth","Floor","Wietske","Romy","Freek","Rinske","Jill","Nee",""
"24","1980-01-01 00:00:00","19","en","{ ""v5"":{ ""group"":""A"",""answers"":[""Francisca"",""Margaretha"",""Carolina"",""Antonia""]},""v12"":{ ""group"":""B"",""answers"":[""Romy"",""Fenna"",""Adriana"",""Eline""]},""v4"":{ ""group"":""A"",""answers"":[""Lex"",""Jort"",""Wout"",""Jip""]},""v15"":{ ""group"":""B"",""answers"":[""Laura"",""Nynke"",""Maria"",""Jill""]},""v11"":{ ""group"":""B"",""answers"":[""Pauline"",""Wietske"",""Christina"",""Megan""]},""v9"":{ ""group"":""A"",""answers"":[""Anne"",""Tessa"",""Lotte"",""Nina""]},""v1"":{ ""group"":""B"",""answers"":[""Daan"",""Jelle"",""Willem"",""Mike""]},""v8"":{ ""group"":""B"",""answers"":[""Ward"",""Jelte"",""Markus"",""Scott""]},""v3"":{ ""group"":""A"",""answers"":[""Rens"",""Sem"",""Luc"",""Joep""]},""v14"":{ ""group"":""A"",""answers"":[""Lana"",""Stella"",""Mila"",""Dewi""]},""v13"":{ ""group"":""A"",""answers"":[""Jaap"",""Boris"",""Freek"",""Mart""]},""v2"":{ ""group"":""B"",""answers"":[""Sanne"",""Femke"",""Kim"",""Johanna""]},""v7"":{ ""group"":""B"",""answers"":[""Anyck"",""Benthe"",""Jantine"",""Lois""]},""v6"":{ ""group"":""B"",""answers"":[""Nadine"",""Renske"",""Wilhelmina"",""Lianne""]},""v10"":{ ""group"":""A"",""answers"":[""Iris"",""Floor"",""Lieke"",""Vera""]}}","16","man","","VWO","","Daan","Femke","Luc","Wout","Carolina","Nadine","Jantine","Jelte","Tessa","Vera","Pauline","Eline","Freek","Dewi","Jill","Nee",""
"25","1980-01-01 00:00:00","19","en","{ ""v5"":{ ""group"":""B"",""answers"":[""Francisca"",""Hester"",""Malou"",""Gwen""]},""v12"":{ ""group"":""B"",""answers"":[""Romy"",""Fenna"",""Adriana"",""Eline""]},""v4"":{ ""group"":""A"",""answers"":[""Lex"",""Jort"",""Wout"",""Jip""]},""v15"":{ ""group"":""A"",""answers"":[""Laura"",""Sandra"",""Ilse"",""Ellen""]},""v11"":{ ""group"":""B"",""answers"":[""Pauline"",""Wietske"",""Christina"",""Megan""]},""v9"":{ ""group"":""B"",""answers"":[""Anne"",""Maaike"",""Elisabeth"",""Joyce""]},""v1"":{ ""group"":""B"",""answers"":[""Daan"",""Jelle"",""Willem"",""Mike""]},""v8"":{ ""group"":""A"",""answers"":[""Ward"",""Noud"",""Abel"",""Sten""]},""v3"":{ ""group"":""B"",""answers"":[""Rens"",""Hidde"",""Jacob"",""Dave""]},""v14"":{ ""group"":""B"",""answers"":[""Lana"",""Rinske"",""Theresia"",""Yentl""]},""v13"":{ ""group"":""A"",""answers"":[""Jaap"",""Boris"",""Freek"",""Mart""]},""v2"":{ ""group"":""A"",""answers"":[""Sanne"",""Lisa"",""Eva"",""Roos""]},""v7"":{ ""group"":""A"",""answers"":[""Anyck"",""Valérie"",""Marie"",""Inez""]},""v6"":{ ""group"":""A"",""answers"":[""Nadine"",""Amanda"",""Sabrina"",""Cynthia""]},""v10"":{ ""group"":""A"",""answers"":[""Iris"",""Floor"",""Lieke"",""Vera""]}}","16","man","","VWO","","Daan","Roos","Hidde","Jort","Malou","Cynthia","Valérie","Noud","Joyce","Vera","Wietske","Romy","Freek","Rinske","Sandra","Nee",""
"26","1980-01-01 00:00:00","19","en","{ ""v5"":{ ""group"":""A"",""answers"":[""Francisca"",""Margaretha"",""Carolina"",""Antonia""]},""v12"":{ ""group"":""B"",""answers"":[""Romy"",""Fenna"",""Adriana"",""Eline""]},""v4"":{ ""group"":""A"",""answers"":[""Lex"",""Jort"",""Wout"",""Jip""]},""v15"":{ ""group"":""A"",""answers"":[""Laura"",""Sandra"",""Ilse"",""Ellen""]},""v11"":{ ""group"":""A"",""answers"":[""Pauline"",""Willemijn"",""Annemarie"",""Marissa""]},""v9"":{ ""group"":""A"",""answers"":[""Anne"",""Tessa"",""Lotte"",""Nina""]},""v1"":{ ""group"":""B"",""answers"":[""Daan"",""Jelle"",""Willem"",""Mike""]},""v8"":{ ""group"":""B"",""answers"":[""Ward"",""Jelte"",""Markus"",""Scott""]},""v3"":{ ""group"":""B"",""answers"":[""Rens"",""Hidde"",""Jacob"",""Dave""]},""v14"":{ ""group"":""B"",""answers"":[""Lana"",""Rinske"",""Theresia"",""Yentl""]},""v13"":{ ""group"":""B"",""answers"":[""Jaap"",""Marten"",""Arend"",""Finn""]},""v2"":{ ""group"":""A"",""answers"":[""Sanne"",""Lisa"",""Eva"",""Roos""]},""v7"":{ ""group"":""A"",""answers"":[""Anyck"",""Valérie"",""Marie"",""Inez""]},""v6"":{ ""group"":""A"",""answers"":[""Nadine"",""Amanda"",""Sabrina"",""Cynthia""]},""v10"":{ ""group"":""B"",""answers"":[""Iris"",""Nienke"",""Cornelia"",""Britt""]}}","16","man","","VWO","","Mike","Roos","Hidde","Lex","Margaretha","Nadine","Marie","Ward","Tessa","Nienke","Willemijn","Eline","Finn","Theresia","Ilse","Nee",""
"27","1980-01-01 00:00:00","19","en","{ ""v5"":{ ""group"":""A"",""answers"":[""Francisca"",""Margaretha"",""Carolina"",""Antonia""]},""v12"":{ ""group"":""A"",""answers"":[""Romy"",""Denise"",""Naomi"",""Sharon""]},""v4"":{ ""group"":""B"",""answers"":[""Lex"",""Douwe"",""Harmen"",""Mitch""]},""v15"":{ ""group"":""A"",""answers"":[""Laura"",""Sandra"",""Ilse"",""Ellen""]},""v11"":{ ""group"":""B"",""answers"":[""Pauline"",""Wietske"",""Christina"",""Megan""]},""v9"":{ ""group"":""B"",""answers"":[""Anne"",""Maaike"",""Elisabeth"",""Joyce""]},""v1"":{ ""group"":""B"",""answers"":[""Daan"",""Jelle"",""Willem"",""Mike""]},""v8"":{ ""group"":""B"",""answers"":[""Ward"",""Jelte"",""Markus"",""Scott""]},""v3"":{ ""group"":""B"",""answers"":[""Rens"",""Hidde"",""Jacob"",""Dave""]},""v14"":{ ""group"":""A"",""answers"":[""Lana"",""Stella"",""Mila"",""Dewi""]},""v13"":{ ""group"":""B"",""answers"":[""Jaap"",""Marten"",""Arend"",""Finn""]},""v2"":{ ""group"":""A"",""answers"":[""Sanne"",""Lisa"",""Eva"",""Roos""]},""v7"":{ ""group"":""B"",""answers"":[""Anyck"",""Benthe"",""Jantine"",""Lois""]},""v6"":{ ""group"":""A"",""answers"":[""Nadine"",""Amanda"",""Sabrina"",""Cynthia""]},""v10"":{ ""group"":""A"",""answers"":[""Iris"",""Floor"",""Lieke"",""Vera""]}}","16","man","","VWO","","Daan","Lisa","Rens","Lex","Francisca","Nadine","Anyck","Scott","Joyce","Iris","Wietske","Denise","Arend","Lana","Ellen","Nee",""
"28","1980-01-01 00:00:00","19","en","{ ""v5"":{ ""group"":""A"",""answers"":[""Francisca"",""Margaretha"",""Carolina"",""Antonia""]},""v12"":{ ""group"":""B"",""answers"":[""Romy"",""Fenna"",""Adriana"",""Eline""]},""v4"":{ ""group"":""B"",""answers"":[""Lex"",""Douwe"",""Harmen"",""Mitch""]},""v15"":{ ""group"":""B"",""answers"":[""Laura"",""Nynke"",""Maria"",""Jill""]},""v11"":{ ""group"":""B"",""answers"":[""Pauline"",""Wietske"",""Christina"",""Megan""]},""v9"":{ ""group"":""B"",""answers"":[""Anne"",""Maaike"",""Elisabeth"",""Joyce""]},""v1"":{ ""group"":""A"",""answers"":[""Daan"",""Bart"",""Rick"",""Tom""]},""v8"":{ ""group"":""B"",""answers"":[""Ward"",""Jelte"",""Markus"",""Scott""]},""v3"":{ ""group"":""B"",""answers"":[""Rens"",""Hidde"",""Jacob"",""Dave""]},""v14"":{ ""group"":""A"",""answers"":[""Lana"",""Stella"",""Mila"",""Dewi""]},""v13"":{ ""group"":""A"",""answers"":[""Jaap"",""Boris"",""Freek"",""Mart""]},""v2"":{ ""group"":""A"",""answers"":[""Sanne"",""Lisa"",""Eva"",""Roos""]},""v7"":{ ""group"":""A"",""answers"":[""Anyck"",""Valérie"",""Marie"",""Inez""]},""v6"":{ ""group"":""A"",""answers"":[""Nadine"",""Amanda"",""Sabrina"",""Cynthia""]},""v10"":{ ""group"":""A"",""answers"":[""Iris"",""Floor"",""Lieke"",""Vera""]}}","47","vrouw","","HBO","","Bart","Sanne","Rens","Harmen","Carolina","Amanda","Valérie","Ward","Anne","Iris","Megan","Eline","Jaap","Mila","Laura","Nee",""
"29","1980-01-01 00:00:00","19","en","{ ""v5"":{ ""group"":""B"",""answers"":[""Francisca"",""Hester"",""Malou"",""Gwen""]},""v12"":{ ""group"":""A"",""answers"":[""Romy"",""Denise"",""Naomi"",""Sharon""]},""v4"":{ ""group"":""B"",""answers"":[""Lex"",""Douwe"",""Harmen"",""Mitch""]},""v15"":{ ""group"":""A"",""answers"":[""Laura"",""Sandra"",""Ilse"",""Ellen""]},""v11"":{ ""group"":""A"",""answers"":[""Pauline"",""Willemijn"",""Annemarie"",""Marissa""]},""v9"":{ ""group"":""A"",""answers"":[""Anne"",""Tessa"",""Lotte"",""Nina""]},""v1"":{ ""group"":""B"",""answers"":[""Daan"",""Jelle"",""Willem"",""Mike""]},""v8"":{ ""group"":""A"",""answers"":[""Ward"",""Noud"",""Abel"",""Sten""]},""v3"":{ ""group"":""A"",""answers"":[""Rens"",""Sem"",""Luc"",""Joep""]},""v14"":{ ""group"":""B"",""answers"":[""Lana"",""Rinske"",""Theresia"",""Yentl""]},""v13"":{ ""group"":""B"",""answers"":[""Jaap"",""Marten"",""Arend"",""Finn""]},""v2"":{ ""group"":""B"",""answers"":[""Sanne"",""Femke"",""Kim"",""Johanna""]},""v7"":{ ""group"":""A"",""answers"":[""Anyck"",""Valérie"",""Marie"",""Inez""]},""v6"":{ ""group"":""B"",""answers"":[""Nadine"",""Renske"",""Wilhelmina"",""Lianne""]},""v10"":{ ""group"":""B"",""answers"":[""Iris"",""Nienke"",""Cornelia"",""Britt""]}}","25","vrouw","","WO","","Daan","Sanne","Rens","Mitch","Francisca","Lianne","Valérie","Noud","Nina","Iris","Willemijn","Sharon","Jaap","Rinske","Laura","Nee",""
"30","1980-01-01 00:00:00","19","en","{ ""v5"":{ ""group"":""A"",""answers"":[""Francisca"",""Margaretha"",""Carolina"",""Antonia""]},""v12"":{ ""group"":""B"",""answers"":[""Romy"",""Fenna"",""Adriana"",""Eline""]},""v4"":{ ""group"":""B"",""answers"":[""Lex"",""Douwe"",""Harmen"",""Mitch""]},""v15"":{ ""group"":""A"",""answers"":[""Laura"",""Sandra"",""Ilse"",""Ellen""]},""v11"":{ ""group"":""B"",""answers"":[""Pauline"",""Wietske"",""Christina"",""Megan""]},""v9"":{ ""group"":""B"",""answers"":[""Anne"",""Maaike"",""Elisabeth"",""Joyce""]},""v1"":{ ""group"":""B"",""answers"":[""Daan"",""Jelle"",""Willem"",""Mike""]},""v8"":{ ""group"":""A"",""answers"":[""Ward"",""Noud"",""Abel"",""Sten""]},""v3"":{ ""group"":""A"",""answers"":[""Rens"",""Sem"",""Luc"",""Joep""]},""v14"":{ ""group"":""A"",""answers"":[""Lana"",""Stella"",""Mila"",""Dewi""]},""v13"":{ ""group"":""B"",""answers"":[""Jaap"",""Marten"",""Arend"",""Finn""]},""v2"":{ ""group"":""A"",""answers"":[""Sanne"",""Lisa"",""Eva"",""Roos""]},""v7"":{ ""group"":""B"",""answers"":[""Anyck"",""Benthe"",""Jantine"",""Lois""]},""v6"":{ ""group"":""A"",""answers"":[""Nadine"",""Amanda"",""Sabrina"",""Cynthia""]},""v10"":{ ""group"":""B"",""answers"":[""Iris"",""Nienke"",""Cornelia"",""Britt""]}}","25","man","","WO","","Daan","Lisa","Rens","Lex","Carolina","Amanda","Anyck","Abel","Maaike","Iris","Christina","Fenna","Arend","Dewi","Laura","Nee",""
"31","1980-01-01 00:00:00","19","en","{ ""v5"":{ ""group"":""A"",""answers"":[""Francisca"",""Margaretha"",""Carolina"",""Antonia""]},""v12"":{ ""group"":""B"",""answers"":[""Romy"",""Fenna"",""Adriana"",""Eline""]},""v4"":{ ""group"":""B"",""answers"":[""Lex"",""Douwe"",""Harmen"",""Mitch""]},""v15"":{ ""group"":""B"",""answers"":[""Laura"",""Nynke"",""Maria"",""Jill""]},""v11"":{ ""group"":""B"",""answers"":[""Pauline"",""Wietske"",""Christina"",""Megan""]},""v9"":{ ""group"":""A"",""answers"":[""Anne"",""Tessa"",""Lotte"",""Nina""]},""v1"":{ ""group"":""A"",""answers"":[""Daan"",""Bart"",""Rick"",""Tom""]},""v8"":{ ""group"":""A"",""answers"":[""Ward"",""Noud"",""Abel"",""Sten""]},""v3"":{ ""group"":""A"",""answers"":[""Rens"",""Sem"",""Luc"",""Joep""]},""v14"":{ ""group"":""A"",""answers"":[""Lana"",""Stella"",""Mila"",""Dewi""]},""v13"":{ ""group"":""A"",""answers"":[""Jaap"",""Boris"",""Freek"",""Mart""]},""v2"":{ ""group"":""B"",""answers"":[""Sanne"",""Femke"",""Kim"",""Johanna""]},""v7"":{ ""group"":""B"",""answers"":[""Anyck"",""Benthe"",""Jantine"",""Lois""]},""v6"":{ ""group"":""A"",""answers"":[""Nadine"",""Amanda"",""Sabrina"",""Cynthia""]},""v10"":{ ""group"":""B"",""answers"":[""Iris"",""Nienke"",""Cornelia"",""Britt""]}}","56","vrouw","","WO","","Bart","Sanne","Rens","Mitch","Antonia","Sabrina","Anyck","Noud","Tessa","Britt","Christina","Romy","Freek","Dewi","Nynke","Nee",""
"32","1980-01-01 00:00:00","19","en","{ ""v5"":{ ""group"":""B"",""answers"":[""Francisca"",""Hester"",""Malou"",""Gwen""]},""v12"":{ ""group"":""B"",""answers"":[""Romy"",""Fenna"",""Adriana"",""Eline""]},""v4"":{ ""group"":""B"",""answers"":[""Lex"",""Douwe"",""Harmen"",""Mitch""]},""v15"":{ ""group"":""A"",""answers"":[""Laura"",""Sandra"",""Ilse"",""Ellen""]},""v11"":{ ""group"":""A"",""answers"":[""Pauline"",""Willemijn"",""Annemarie"",""Marissa""]},""v9"":{ ""group"":""A"",""answers"":[""Anne"",""Tessa"",""Lotte"",""Nina""]},""v1"":{ ""group"":""A"",""answers"":[""Daan"",""Bart"",""Rick"",""Tom""]},""v8"":{ ""group"":""A"",""answers"":[""Ward"",""Noud"",""Abel"",""Sten""]},""v3"":{ ""group"":""B"",""answers"":[""Rens"",""Hidde"",""Jacob"",""Dave""]},""v14"":{ ""group"":""B"",""answers"":[""Lana"",""Rinske"",""Theresia"",""Yentl""]},""v13"":{ ""group"":""A"",""answers"":[""Jaap"",""Boris"",""Freek"",""Mart""]},""v2"":{ ""group"":""B"",""answers"":[""Sanne"",""Femke"",""Kim"",""Johanna""]},""v7"":{ ""group"":""B"",""answers"":[""Anyck"",""Benthe"",""Jantine"",""Lois""]},""v6"":{ ""group"":""B"",""answers"":[""Nadine"",""Renske"",""Wilhelmina"",""Lianne""]},""v10"":{ ""group"":""A"",""answers"":[""Iris"",""Floor"",""Lieke"",""Vera""]}}","39","man","","WO","","Rick","Sanne","Hidde","Harmen","Francisca","Renske","Lois","Ward","Anne","Floor","Annemarie","Romy","Boris","Rinske","Laura","Nee",""
"33","1980-01-01 00:00:00","19","en","{ ""v5"":{ ""group"":""B"",""answers"":[""Francisca"",""Hester"",""Malou"",""Gwen""]},""v12"":{ ""group"":""B"",""answers"":[""Romy"",""Fenna"",""Adriana"",""Eline""]},""v4"":{ ""group"":""A"",""answers"":[""Lex"",""Jort"",""Wout"",""Jip""]},""v15"":{ ""group"":""B"",""answers"":[""Laura"",""Nynke"",""Maria"",""Jill""]},""v11"":{ ""group"":""B"",""answers"":[""Pauline"",""Wietske"",""Christina"",""Megan""]},""v9"":{ ""group"":""A"",""answers"":[""Anne"",""Tessa"",""Lotte"",""Nina""]},""v1"":{ ""group"":""A"",""answers"":[""Daan"",""Bart"",""Rick"",""Tom""]},""v8"":{ ""group"":""A"",""answers"":[""Ward"",""Noud"",""Abel"",""Sten""]},""v3"":{ ""group"":""B"",""answers"":[""Rens"",""Hidde"",""Jacob"",""Dave""]},""v14"":{ ""group"":""A"",""answers"":[""Lana"",""Stella"",""Mila"",""Dewi""]},""v13"":{ ""group"":""A"",""answers"":[""Jaap"",""Boris"",""Freek"",""Mart""]},""v2"":{ ""group"":""A"",""answers"":[""Sanne"",""Lisa"",""Eva"",""Roos""]},""v7"":{ ""group"":""B"",""answers"":[""Anyck"",""Benthe"",""Jantine"",""Lois""]},""v6"":{ ""group"":""B"",""answers"":[""Nadine"",""Renske"",""Wilhelmina"",""Lianne""]},""v10"":{ ""group"":""A"",""answers"":[""Iris"",""Floor"",""Lieke"",""Vera""]}}","37","vrouw","","WO","","Daan","Lisa","Dave","Jort","Gwen","Renske","Anyck","Noud","Lotte","Floor","Pauline","Eline","Jaap","Dewi","Jill","Nee",""
"34","1980-01-01 00:00:00","19","en","{ ""v5"":{ ""group"":""B"",""answers"":[""Francisca"",""Hester"",""Malou"",""Gwen""]},""v12"":{ ""group"":""B"",""answers"":[""Romy"",""Fenna"",""Adriana"",""Eline""]},""v4"":{ ""group"":""B"",""answers"":[""Lex"",""Douwe"",""Harmen"",""Mitch""]},""v15"":{ ""group"":""B"",""answers"":[""Laura"",""Nynke"",""Maria"",""Jill""]},""v11"":{ ""group"":""A"",""answers"":[""Pauline"",""Willemijn"",""Annemarie"",""Marissa""]},""v9"":{ ""group"":""A"",""answers"":[""Anne"",""Tessa"",""Lotte"",""Nina""]},""v1"":{ ""group"":""A"",""answers"":[""Daan"",""Bart"",""Rick"",""Tom""]},""v8"":{ ""group"":""B"",""answers"":[""Ward"",""Jelte"",""Markus"",""Scott""]},""v3"":{ ""group"":""A"",""answers"":[""Rens"",""Sem"",""Luc"",""Joep""]},""v14"":{ ""group"":""B"",""answers"":[""Lana"",""Rinske"",""Theresia"",""Yentl""]},""v13"":{ ""group"":""A"",""answers"":[""Jaap"",""Boris"",""Freek"",""Mart""]},""v2"":{ ""group"":""A"",""answers"":[""Sanne"",""Lisa"",""Eva"",""Roos""]},""v7"":{ ""group"":""B"",""answers"":[""Anyck"",""Benthe"",""Jantine"",""Lois""]},""v6"":{ ""group"":""A"",""answers"":[""Nadine"",""Amanda"",""Sabrina"",""Cynthia""]},""v10"":{ ""group"":""A"",""answers"":[""Iris"",""Floor"",""Lieke"",""Vera""]}}","24","vrouw","","WO","","Bart","Sanne","Joep","Douwe","Hester","Nadine","Benthe","Ward","Anne","Iris","Willemijn","Fenna","Freek","Lana","Maria","Ja",""
"35","1980-01-01 00:00:00","19","en","{ ""v5"":{ ""group"":""A"",""answers"":[""Francisca"",""Margaretha"",""Carolina"",""Antonia""]},""v12"":{ ""group"":""A"",""answers"":[""Romy"",""Denise"",""Naomi"",""Sharon""]},""v4"":{ ""group"":""A"",""answers"":[""Lex"",""Jort"",""Wout"",""Jip""]},""v15"":{ ""group"":""B"",""answers"":[""Laura"",""Nynke"",""Maria"",""Jill""]},""v11"":{ ""group"":""A"",""answers"":[""Pauline"",""Willemijn"",""Annemarie"",""Marissa""]},""v9"":{ ""group"":""A"",""answers"":[""Anne"",""Tessa"",""Lotte"",""Nina""]},""v1"":{ ""group"":""A"",""answers"":[""Daan"",""Bart"",""Rick"",""Tom""]},""v8"":{ ""group"":""B"",""answers"":[""Ward"",""Jelte"",""Markus"",""Scott""]},""v3"":{ ""group"":""B"",""answers"":[""Rens"",""Hidde"",""Jacob"",""Dave""]},""v14"":{ ""group"":""B"",""answers"":[""Lana"",""Rinske"",""Theresia"",""Yentl""]},""v13"":{ ""group"":""A"",""answers"":[""Jaap"",""Boris"",""Freek"",""Mart""]},""v2"":{ ""group"":""B"",""answers"":[""Sanne"",""Femke"",""Kim"",""Johanna""]},""v7"":{ ""group"":""B"",""answers"":[""Anyck"",""Benthe"",""Jantine"",""Lois""]},""v6"":{ ""group"":""A"",""answers"":[""Nadine"",""Amanda"",""Sabrina"",""Cynthia""]},""v10"":{ ""group"":""B"",""answers"":[""Iris"",""Nienke"",""Cornelia"",""Britt""]}}","26","man","","WO","","Rick","Johanna","Rens","Wout","Carolina","Nadine","Benthe","Scott","Lotte","Britt","Willemijn","Denise","Mart","Rinske","Laura","Ja",""
"36","1980-01-01 00:00:00","19","en","{ ""v5"":{ ""group"":""A"",""answers"":[""Francisca"",""Margaretha"",""Carolina"",""Antonia""]},""v12"":{ ""group"":""B"",""answers"":[""Romy"",""Fenna"",""Adriana"",""Eline""]},""v4"":{ ""group"":""B"",""answers"":[""Lex"",""Douwe"",""Harmen"",""Mitch""]},""v15"":{ ""group"":""B"",""answers"":[""Laura"",""Nynke"",""Maria"",""Jill""]},""v11"":{ ""group"":""B"",""answers"":[""Pauline"",""Wietske"",""Christina"",""Megan""]},""v9"":{ ""group"":""A"",""answers"":[""Anne"",""Tessa"",""Lotte"",""Nina""]},""v1"":{ ""group"":""B"",""answers"":[""Daan"",""Jelle"",""Willem"",""Mike""]},""v8"":{ ""group"":""A"",""answers"":[""Ward"",""Noud"",""Abel"",""Sten""]},""v3"":{ ""group"":""A"",""answers"":[""Rens"",""Sem"",""Luc"",""Joep""]},""v14"":{ ""group"":""B"",""answers"":[""Lana"",""Rinske"",""Theresia"",""Yentl""]},""v13"":{ ""group"":""B"",""answers"":[""Jaap"",""Marten"",""Arend"",""Finn""]},""v2"":{ ""group"":""A"",""answers"":[""Sanne"",""Lisa"",""Eva"",""Roos""]},""v7"":{ ""group"":""A"",""answers"":[""Anyck"",""Valérie"",""Marie"",""Inez""]},""v6"":{ ""group"":""A"",""answers"":[""Nadine"",""Amanda"",""Sabrina"",""Cynthia""]},""v10"":{ ""group"":""B"",""answers"":[""Iris"",""Nienke"",""Cornelia"",""Britt""]}}","55","vrouw","","WO","","Willem","Sanne","Luc","Mitch","Margaretha","Sabrina","Valérie","Noud","Tessa","Iris","Christina","Romy","Finn","Yentl","Jill","Nee",""
"37","1980-01-01 00:00:00","19","en","{ ""v5"":{ ""group"":""A"",""answers"":[""Francisca"",""Margaretha"",""Carolina"",""Antonia""]},""v12"":{ ""group"":""B"",""answers"":[""Romy"",""Fenna"",""Adriana"",""Eline""]},""v4"":{ ""group"":""B"",""answers"":[""Lex"",""Douwe"",""Harmen"",""Mitch""]},""v15"":{ ""group"":""B"",""answers"":[""Laura"",""Nynke"",""Maria"",""Jill""]},""v11"":{ ""group"":""A"",""answers"":[""Pauline"",""Willemijn"",""Annemarie"",""Marissa""]},""v9"":{ ""group"":""A"",""answers"":[""Anne"",""Tessa"",""Lotte"",""Nina""]},""v1"":{ ""group"":""A"",""answers"":[""Daan"",""Bart"",""Rick"",""Tom""]},""v8"":{ ""group"":""B"",""answers"":[""Ward"",""Jelte"",""Markus"",""Scott""]},""v3"":{ ""group"":""B"",""answers"":[""Rens"",""Hidde"",""Jacob"",""Dave""]},""v14"":{ ""group"":""A"",""answers"":[""Lana"",""Stella"",""Mila"",""Dewi""]},""v13"":{ ""group"":""A"",""answers"":[""Jaap"",""Boris"",""Freek"",""Mart""]},""v2"":{ ""group"":""A"",""answers"":[""Sanne"",""Lisa"",""Eva"",""Roos""]},""v7"":{ ""group"":""B"",""answers"":[""Anyck"",""Benthe"",""Jantine"",""Lois""]},""v6"":{ ""group"":""B"",""answers"":[""Nadine"",""Renske"",""Wilhelmina"",""Lianne""]},""v10"":{ ""group"":""A"",""answers"":[""Iris"",""Floor"",""Lieke"",""Vera""]}}","27","man","","WO","","Bart","Eva","Rens","Douwe","Francisca","Renske","Lois","Jelte","Anne","Lieke","Pauline","Romy","Jaap","Dewi","Nynke","Nee",""
"38","1980-01-01 00:00:00","19","en","{ ""v5"":{ ""group"":""B"",""answers"":[""Francisca"",""Hester"",""Malou"",""Gwen""]},""v12"":{ ""group"":""A"",""answers"":[""Romy"",""Denise"",""Naomi"",""Sharon""]},""v4"":{ ""group"":""A"",""answers"":[""Lex"",""Jort"",""Wout"",""Jip""]},""v15"":{ ""group"":""A"",""answers"":[""Laura"",""Sandra"",""Ilse"",""Ellen""]},""v11"":{ ""group"":""A"",""answers"":[""Pauline"",""Willemijn"",""Annemarie"",""Marissa""]},""v9"":{ ""group"":""B"",""answers"":[""Anne"",""Maaike"",""Elisabeth"",""Joyce""]},""v1"":{ ""group"":""B"",""answers"":[""Daan"",""Jelle"",""Willem"",""Mike""]},""v8"":{ ""group"":""B"",""answers"":[""Ward"",""Jelte"",""Markus"",""Scott""]},""v3"":{ ""group"":""A"",""answers"":[""Rens"",""Sem"",""Luc"",""Joep""]},""v14"":{ ""group"":""A"",""answers"":[""Lana"",""Stella"",""Mila"",""Dewi""]},""v13"":{ ""group"":""A"",""answers"":[""Jaap"",""Boris"",""Freek"",""Mart""]},""v2"":{ ""group"":""B"",""answers"":[""Sanne"",""Femke"",""Kim"",""Johanna""]},""v7"":{ ""group"":""A"",""answers"":[""Anyck"",""Valérie"",""Marie"",""Inez""]},""v6"":{ ""group"":""B"",""answers"":[""Nadine"",""Renske"",""Wilhelmina"",""Lianne""]},""v10"":{ ""group"":""B"",""answers"":[""Iris"",""Nienke"",""Cornelia"",""Britt""]}}","22","vrouw","","WO","","Daan","Sanne","Rens","Jort","Francisca","Renske","Anyck","Jelte","Anne","Nienke","Willemijn","Denise","Freek","Dewi","Sandra","Nee",""
"39","1980-01-01 00:00:00","19","en","{ ""v5"":{ ""group"":""B"",""answers"":[""Francisca"",""Hester"",""Malou"",""Gwen""]},""v12"":{ ""group"":""B"",""answers"":[""Romy"",""Fenna"",""Adriana"",""Eline""]},""v4"":{ ""group"":""A"",""answers"":[""Lex"",""Jort"",""Wout"",""Jip""]},""v15"":{ ""group"":""B"",""answers"":[""Laura"",""Nynke"",""Maria"",""Jill""]},""v11"":{ ""group"":""A"",""answers"":[""Pauline"",""Willemijn"",""Annemarie"",""Marissa""]},""v9"":{ ""group"":""B"",""answers"":[""Anne"",""Maaike"",""Elisabeth"",""Joyce""]},""v1"":{ ""group"":""A"",""answers"":[""Daan"",""Bart"",""Rick"",""Tom""]},""v8"":{ ""group"":""A"",""answers"":[""Ward"",""Noud"",""Abel"",""Sten""]},""v3"":{ ""group"":""A"",""answers"":[""Rens"",""Sem"",""Luc"",""Joep""]},""v14"":{ ""group"":""A"",""answers"":[""Lana"",""Stella"",""Mila"",""Dewi""]},""v13"":{ ""group"":""B"",""answers"":[""Jaap"",""Marten"",""Arend"",""Finn""]},""v2"":{ ""group"":""B"",""answers"":[""Sanne"",""Femke"",""Kim"",""Johanna""]},""v7"":{ ""group"":""B"",""answers"":[""Anyck"",""Benthe"",""Jantine"",""Lois""]},""v6"":{ ""group"":""A"",""answers"":[""Nadine"",""Amanda"",""Sabrina"",""Cynthia""]},""v10"":{ ""group"":""A"",""answers"":[""Iris"",""Floor"",""Lieke"",""Vera""]}}","49","vrouw","","WO","","Bart","Sanne","Sem","Wout","Malou","Sabrina","Anyck","Ward","Joyce","Lieke","Pauline","Fenna","Finn","Mila","Laura","Nee",""
"40","1980-01-01 00:00:00","19","en","{ ""v5"":{ ""group"":""A"",""answers"":[""Francisca"",""Margaretha"",""Carolina"",""Antonia""]},""v12"":{ ""group"":""B"",""answers"":[""Romy"",""Fenna"",""Adriana"",""Eline""]},""v4"":{ ""group"":""B"",""answers"":[""Lex"",""Douwe"",""Harmen"",""Mitch""]},""v15"":{ ""group"":""B"",""answers"":[""Laura"",""Nynke"",""Maria"",""Jill""]},""v11"":{ ""group"":""A"",""answers"":[""Pauline"",""Willemijn"",""Annemarie"",""Marissa""]},""v9"":{ ""group"":""B"",""answers"":[""Anne"",""Maaike"",""Elisabeth"",""Joyce""]},""v1"":{ ""group"":""A"",""answers"":[""Daan"",""Bart"",""Rick"",""Tom""]},""v8"":{ ""group"":""B"",""answers"":[""Ward"",""Jelte"",""Markus"",""Scott""]},""v3"":{ ""group"":""B"",""answers"":[""Rens"",""Hidde"",""Jacob"",""Dave""]},""v14"":{ ""group"":""B"",""answers"":[""Lana"",""Rinske"",""Theresia"",""Yentl""]},""v13"":{ ""group"":""A"",""answers"":[""Jaap"",""Boris"",""Freek"",""Mart""]},""v2"":{ ""group"":""A"",""answers"":[""Sanne"",""Lisa"",""Eva"",""Roos""]},""v7"":{ ""group"":""A"",""answers"":[""Anyck"",""Valérie"",""Marie"",""Inez""]},""v6"":{ ""group"":""A"",""answers"":[""Nadine"",""Amanda"",""Sabrina"",""Cynthia""]},""v10"":{ ""group"":""B"",""answers"":[""Iris"",""Nienke"",""Cornelia"",""Britt""]}}","23","vrouw","","WO","","Daan","Roos","Rens","Douwe","Francisca","Sabrina","Valérie","Ward","Joyce","Iris","Willemijn","Eline","Freek","Rinske","Nynke","Nee",""
"41","1980-01-01 00:00:00","19","en","{ ""v5"":{ ""group"":""B"",""answers"":[""Francisca"",""Hester"",""Malou"",""Gwen""]},""v12"":{ ""group"":""B"",""answers"":[""Romy"",""Fenna"",""Adriana"",""Eline""]},""v4"":{ ""group"":""B"",""answers"":[""Lex"",""Douwe"",""Harmen"",""Mitch""]},""v15"":{ ""group"":""B"",""answers"":[""Laura"",""Nynke"",""Maria"",""Jill""]},""v11"":{ ""group"":""A"",""answers"":[""Pauline"",""Willemijn"",""Annemarie"",""Marissa""]},""v9"":{ ""group"":""A"",""answers"":[""Anne"",""Tessa"",""Lotte"",""Nina""]},""v1"":{ ""group"":""A"",""answers"":[""Daan"",""Bart"",""Rick"",""Tom""]},""v8"":{ ""group"":""B"",""answers"":[""Ward"",""Jelte"",""Markus"",""Scott""]},""v3"":{ ""group"":""B"",""answers"":[""Rens"",""Hidde"",""Jacob"",""Dave""]},""v14"":{ ""group"":""B"",""answers"":[""Lana"",""Rinske"",""Theresia"",""Yentl""]},""v13"":{ ""group"":""A"",""answers"":[""Jaap"",""Boris"",""Freek"",""Mart""]},""v2"":{ ""group"":""A"",""answers"":[""Sanne"",""Lisa"",""Eva"",""Roos""]},""v7"":{ ""group"":""A"",""answers"":[""Anyck"",""Valérie"",""Marie"",""Inez""]},""v6"":{ ""group"":""A"",""answers"":[""Nadine"",""Amanda"",""Sabrina"",""Cynthia""]},""v10"":{ ""group"":""B"",""answers"":[""Iris"",""Nienke"",""Cornelia"",""Britt""]}}","18","vrouw","","HBO","","Bart","Roos","Rens","Lex","Hester","Cynthia","Anyck","Jelte","Nina","Britt","Annemarie","Romy","Boris","Rinske","Nynke","Nee",""
"42","1980-01-01 00:00:00","19","en","{ ""v5"":{ ""group"":""B"",""answers"":[""Francisca"",""Hester"",""Malou"",""Gwen""]},""v12"":{ ""group"":""A"",""answers"":[""Romy"",""Denise"",""Naomi"",""Sharon""]},""v4"":{ ""group"":""A"",""answers"":[""Lex"",""Jort"",""Wout"",""Jip""]},""v15"":{ ""group"":""A"",""answers"":[""Laura"",""Sandra"",""Ilse"",""Ellen""]},""v11"":{ ""group"":""B"",""answers"":[""Pauline"",""Wietske"",""Christina"",""Megan""]},""v9"":{ ""group"":""B"",""answers"":[""Anne"",""Maaike"",""Elisabeth"",""Joyce""]},""v1"":{ ""group"":""B"",""answers"":[""Daan"",""Jelle"",""Willem"",""Mike""]},""v8"":{ ""group"":""A"",""answers"":[""Ward"",""Noud"",""Abel"",""Sten""]},""v3"":{ ""group"":""A"",""answers"":[""Rens"",""Sem"",""Luc"",""Joep""]},""v14"":{ ""group"":""B"",""answers"":[""Lana"",""Rinske"",""Theresia"",""Yentl""]},""v13"":{ ""group"":""A"",""answers"":[""Jaap"",""Boris"",""Freek"",""Mart""]},""v2"":{ ""group"":""A"",""answers"":[""Sanne"",""Lisa"",""Eva"",""Roos""]},""v7"":{ ""group"":""B"",""answers"":[""Anyck"",""Benthe"",""Jantine"",""Lois""]},""v6"":{ ""group"":""B"",""answers"":[""Nadine"",""Renske"",""Wilhelmina"",""Lianne""]},""v10"":{ ""group"":""A"",""answers"":[""Iris"",""Floor"",""Lieke"",""Vera""]}}","24","vrouw","","Other","GERMAN UNI","Willem","Sanne","Luc","Jip","Malou","Renske","Anyck","Sten","Maaike","Iris","Megan","Naomi","Mart","Theresia","Laura","Nee",""
"43","1980-01-01 00:00:00","19","en","{ ""v5"":{ ""group"":""A"",""answers"":[""Francisca"",""Margaretha"",""Carolina"",""Antonia""]},""v12"":{ ""group"":""B"",""answers"":[""Romy"",""Fenna"",""Adriana"",""Eline""]},""v4"":{ ""group"":""A"",""answers"":[""Lex"",""Jort"",""Wout"",""Jip""]},""v15"":{ ""group"":""A"",""answers"":[""Laura"",""Sandra"",""Ilse"",""Ellen""]},""v11"":{ ""group"":""A"",""answers"":[""Pauline"",""Willemijn"",""Annemarie"",""Marissa""]},""v9"":{ ""group"":""A"",""answers"":[""Anne"",""Tessa"",""Lotte"",""Nina""]},""v1"":{ ""group"":""B"",""answers"":[""Daan"",""Jelle"",""Willem"",""Mike""]},""v8"":{ ""group"":""B"",""answers"":[""Ward"",""Jelte"",""Markus"",""Scott""]},""v3"":{ ""group"":""A"",""answers"":[""Rens"",""Sem"",""Luc"",""Joep""]},""v14"":{ ""group"":""B"",""answers"":[""Lana"",""Rinske"",""Theresia"",""Yentl""]},""v13"":{ ""group"":""B"",""answers"":[""Jaap"",""Marten"",""Arend"",""Finn""]},""v2"":{ ""group"":""A"",""answers"":[""Sanne"",""Lisa"",""Eva"",""Roos""]},""v7"":{ ""group"":""B"",""answers"":[""Anyck"",""Benthe"",""Jantine"",""Lois""]},""v6"":{ ""group"":""A"",""answers"":[""Nadine"",""Amanda"",""Sabrina"",""Cynthia""]},""v10"":{ ""group"":""B"",""answers"":[""Iris"",""Nienke"",""Cornelia"",""Britt""]}}","24","man","","WO","","Mike","Eva","Luc","Jort","Margaretha","Sabrina","Jantine","Markus","Tessa","Nienke","Annemarie","Eline","Finn","Lana","Laura","Nee",""
"44","1980-01-01 00:00:00","19","en","{ ""v5"":{ ""group"":""A"",""answers"":[""Francisca"",""Margaretha"",""Carolina"",""Antonia""]},""v12"":{ ""group"":""B"",""answers"":[""Romy"",""Fenna"",""Adriana"",""Eline""]},""v4"":{ ""group"":""A"",""answers"":[""Lex"",""Jort"",""Wout"",""Jip""]},""v15"":{ ""group"":""B"",""answers"":[""Laura"",""Nynke"",""Maria"",""Jill""]},""v11"":{ ""group"":""B"",""answers"":[""Pauline"",""Wietske"",""Christina"",""Megan""]},""v9"":{ ""group"":""A"",""answers"":[""Anne"",""Tessa"",""Lotte"",""Nina""]},""v1"":{ ""group"":""B"",""answers"":[""Daan"",""Jelle"",""Willem"",""Mike""]},""v8"":{ ""group"":""A"",""answers"":[""Ward"",""Noud"",""Abel"",""Sten""]},""v3"":{ ""group"":""A"",""answers"":[""Rens"",""Sem"",""Luc"",""Joep""]},""v14"":{ ""group"":""A"",""answers"":[""Lana"",""Stella"",""Mila"",""Dewi""]},""v13"":{ ""group"":""A"",""answers"":[""Jaap"",""Boris"",""Freek"",""Mart""]},""v2"":{ ""group"":""B"",""answers"":[""Sanne"",""Femke"",""Kim"",""Johanna""]},""v7"":{ ""group"":""B"",""answers"":[""Anyck"",""Benthe"",""Jantine"",""Lois""]},""v6"":{ ""group"":""B"",""answers"":[""Nadine"",""Renske"",""Wilhelmina"",""Lianne""]},""v10"":{ ""group"":""B"",""answers"":[""Iris"",""Nienke"",""Cornelia"",""Britt""]}}","13","vrouw","","VWO","","Daan","Femke","Rens","Wout","Francisca","Lianne","Lois","Ward","Lotte","Nienke","Megan","Romy","Freek","Dewi","Jill","Nee",""
"45","1980-01-01 00:00:00","19","en","{ ""v5"":{ ""group"":""A"",""answers"":[""Francisca"",""Margaretha"",""Carolina"",""Antonia""]},""v12"":{ ""group"":""B"",""answers"":[""Romy"",""Fenna"",""Adriana"",""Eline""]},""v4"":{ ""group"":""A"",""answers"":[""Lex"",""Jort"",""Wout"",""Jip""]},""v15"":{ ""group"":""B"",""answers"":[""Laura"",""Nynke"",""Maria"",""Jill""]},""v11"":{ ""group"":""A"",""answers"":[""Pauline"",""Willemijn"",""Annemarie"",""Marissa""]},""v9"":{ ""group"":""B"",""answers"":[""Anne"",""Maaike"",""Elisabeth"",""Joyce""]},""v1"":{ ""group"":""B"",""answers"":[""Daan"",""Jelle"",""Willem"",""Mike""]},""v8"":{ ""group"":""A"",""answers"":[""Ward"",""Noud"",""Abel"",""Sten""]},""v3"":{ ""group"":""B"",""answers"":[""Rens"",""Hidde"",""Jacob"",""Dave""]},""v14"":{ ""group"":""A"",""answers"":[""Lana"",""Stella"",""Mila"",""Dewi""]},""v13"":{ ""group"":""A"",""answers"":[""Jaap"",""Boris"",""Freek"",""Mart""]},""v2"":{ ""group"":""A"",""answers"":[""Sanne"",""Lisa"",""Eva"",""Roos""]},""v7"":{ ""group"":""B"",""answers"":[""Anyck"",""Benthe"",""Jantine"",""Lois""]},""v6"":{ ""group"":""B"",""answers"":[""Nadine"",""Renske"",""Wilhelmina"",""Lianne""]},""v10"":{ ""group"":""B"",""answers"":[""Iris"",""Nienke"",""Cornelia"",""Britt""]}}","16","vrouw","","VWO","","Willem","Sanne","Rens","Jort","Margaretha","Wilhelmina","Lois","Sten","Joyce","Nienke","Willemijn","Fenna","Mart","Dewi","Jill","Nee",""
"46","1980-01-01 00:00:00","19","en","{ ""v5"":{ ""group"":""A"",""answers"":[""Francisca"",""Margaretha"",""Carolina"",""Antonia""]},""v12"":{ ""group"":""B"",""answers"":[""Romy"",""Fenna"",""Adriana"",""Eline""]},""v4"":{ ""group"":""B"",""answers"":[""Lex"",""Douwe"",""Harmen"",""Mitch""]},""v15"":{ ""group"":""A"",""answers"":[""Laura"",""Sandra"",""Ilse"",""Ellen""]},""v11"":{ ""group"":""B"",""answers"":[""Pauline"",""Wietske"",""Christina"",""Megan""]},""v9"":{ ""group"":""A"",""answers"":[""Anne"",""Tessa"",""Lotte"",""Nina""]},""v1"":{ ""group"":""B"",""answers"":[""Daan"",""Jelle"",""Willem"",""Mike""]},""v8"":{ ""group"":""B"",""answers"":[""Ward"",""Jelte"",""Markus"",""Scott""]},""v3"":{ ""group"":""B"",""answers"":[""Rens"",""Hidde"",""Jacob"",""Dave""]},""v14"":{ ""group"":""B"",""answers"":[""Lana"",""Rinske"",""Theresia"",""Yentl""]},""v13"":{ ""group"":""A"",""answers"":[""Jaap"",""Boris"",""Freek"",""Mart""]},""v2"":{ ""group"":""A"",""answers"":[""Sanne"",""Lisa"",""Eva"",""Roos""]},""v7"":{ ""group"":""A"",""answers"":[""Anyck"",""Valérie"",""Marie"",""Inez""]},""v6"":{ ""group"":""A"",""answers"":[""Nadine"",""Amanda"",""Sabrina"",""Cynthia""]},""v10"":{ ""group"":""A"",""answers"":[""Iris"",""Floor"",""Lieke"",""Vera""]}}","14","man","","VWO","","Daan","Sanne","Jacob","Douwe","Francisca","Nadine","Marie","Jelte","Tessa","Lieke","Wietske","Eline","Mart","Lana","Laura","Nee",""
"47","1980-01-01 00:00:00","19","en","{ ""v5"":{ ""group"":""A"",""answers"":[""Francisca"",""Margaretha"",""Carolina"",""Antonia""]},""v12"":{ ""group"":""B"",""answers"":[""Romy"",""Fenna"",""Adriana"",""Eline""]},""v4"":{ ""group"":""A"",""answers"":[""Lex"",""Jort"",""Wout"",""Jip""]},""v15"":{ ""group"":""B"",""answers"":[""Laura"",""Nynke"",""Maria"",""Jill""]},""v11"":{ ""group"":""A"",""answers"":[""Pauline"",""Willemijn"",""Annemarie"",""Marissa""]},""v9"":{ ""group"":""A"",""answers"":[""Anne"",""Tessa"",""Lotte"",""Nina""]},""v1"":{ ""group"":""B"",""answers"":[""Daan"",""Jelle"",""Willem"",""Mike""]},""v8"":{ ""group"":""A"",""answers"":[""Ward"",""Noud"",""Abel"",""Sten""]},""v3"":{ ""group"":""B"",""answers"":[""Rens"",""Hidde"",""Jacob"",""Dave""]},""v14"":{ ""group"":""B"",""answers"":[""Lana"",""Rinske"",""Theresia"",""Yentl""]},""v13"":{ ""group"":""B"",""answers"":[""Jaap"",""Marten"",""Arend"",""Finn""]},""v2"":{ ""group"":""B"",""answers"":[""Sanne"",""Femke"",""Kim"",""Johanna""]},""v7"":{ ""group"":""A"",""answers"":[""Anyck"",""Valérie"",""Marie"",""Inez""]},""v6"":{ ""group"":""A"",""answers"":[""Nadine"",""Amanda"",""Sabrina"",""Cynthia""]},""v10"":{ ""group"":""B"",""answers"":[""Iris"",""Nienke"",""Cornelia"",""Britt""]}}","35","vrouw","","WO","","Daan","Femke","Rens","Jort","Francisca","Amanda","Anyck","Noud","Nina","Nienke","Willemijn","Eline","Marten","Yentl","Laura","Nee",""
"48","1980-01-01 00:00:00","19","en","{ ""v5"":{ ""group"":""A"",""answers"":[""Francisca"",""Margaretha"",""Carolina"",""Antonia""]},""v12"":{ ""group"":""B"",""answers"":[""Romy"",""Fenna"",""Adriana"",""Eline""]},""v4"":{ ""group"":""A"",""answers"":[""Lex"",""Jort"",""Wout"",""Jip""]},""v15"":{ ""group"":""B"",""answers"":[""Laura"",""Nynke"",""Maria"",""Jill""]},""v11"":{ ""group"":""A"",""answers"":[""Pauline"",""Willemijn"",""Annemarie"",""Marissa""]},""v9"":{ ""group"":""A"",""answers"":[""Anne"",""Tessa"",""Lotte"",""Nina""]},""v1"":{ ""group"":""A"",""answers"":[""Daan"",""Bart"",""Rick"",""Tom""]},""v8"":{ ""group"":""B"",""answers"":[""Ward"",""Jelte"",""Markus"",""Scott""]},""v3"":{ ""group"":""A"",""answers"":[""Rens"",""Sem"",""Luc"",""Joep""]},""v14"":{ ""group"":""B"",""answers"":[""Lana"",""Rinske"",""Theresia"",""Yentl""]},""v13"":{ ""group"":""B"",""answers"":[""Jaap"",""Marten"",""Arend"",""Finn""]},""v2"":{ ""group"":""B"",""answers"":[""Sanne"",""Femke"",""Kim"",""Johanna""]},""v7"":{ ""group"":""B"",""answers"":[""Anyck"",""Benthe"",""Jantine"",""Lois""]},""v6"":{ ""group"":""A"",""answers"":[""Nadine"",""Amanda"",""Sabrina"",""Cynthia""]},""v10"":{ ""group"":""A"",""answers"":[""Iris"",""Floor"",""Lieke"",""Vera""]}}","20","vrouw","","WO","","Bart","Johanna","Rens","Jort","Francisca","Sabrina","Benthe","Ward","Nina","Vera","Annemarie","Eline","Marten","Rinske","Maria","Ja",""
"49","1980-01-01 00:00:00","19","en","{ ""v5"":{ ""group"":""A"",""answers"":[""Francisca"",""Margaretha"",""Carolina"",""Antonia""]},""v12"":{ ""group"":""B"",""answers"":[""Romy"",""Fenna"",""Adriana"",""Eline""]},""v4"":{ ""group"":""A"",""answers"":[""Lex"",""Jort"",""Wout"",""Jip""]},""v15"":{ ""group"":""A"",""answers"":[""Laura"",""Sandra"",""Ilse"",""Ellen""]},""v11"":{ ""group"":""B"",""answers"":[""Pauline"",""Wietske"",""Christina"",""Megan""]},""v9"":{ ""group"":""A"",""answers"":[""Anne"",""Tessa"",""Lotte"",""Nina""]},""v1"":{ ""group"":""A"",""answers"":[""Daan"",""Bart"",""Rick"",""Tom""]},""v8"":{ ""group"":""B"",""answers"":[""Ward"",""Jelte"",""Markus"",""Scott""]},""v3"":{ ""group"":""A"",""answers"":[""Rens"",""Sem"",""Luc"",""Joep""]},""v14"":{ ""group"":""B"",""answers"":[""Lana"",""Rinske"",""Theresia"",""Yentl""]},""v13"":{ ""group"":""B"",""answers"":[""Jaap"",""Marten"",""Arend"",""Finn""]},""v2"":{ ""group"":""B"",""answers"":[""Sanne"",""Femke"",""Kim"",""Johanna""]},""v7"":{ ""group"":""B"",""answers"":[""Anyck"",""Benthe"",""Jantine"",""Lois""]},""v6"":{ ""group"":""A"",""answers"":[""Nadine"",""Amanda"",""Sabrina"",""Cynthia""]},""v10"":{ ""group"":""B"",""answers"":[""Iris"",""Nienke"",""Cornelia"",""Britt""]}}","22","vrouw","","WO","","Daan","Kim","Rens","Wout","Carolina","Cynthia","Anyck","Jelte","Nina","Iris","Pauline","Romy","Marten","Yentl","Ilse","Nee",""
"50","1980-01-01 00:00:00","19","en","{ ""v5"":{ ""group"":""A"",""answers"":[""Francisca"",""Margaretha"",""Carolina"",""Antonia""]},""v12"":{ ""group"":""B"",""answers"":[""Romy"",""Fenna"",""Adriana"",""Eline""]},""v4"":{ ""group"":""B"",""answers"":[""Lex"",""Douwe"",""Harmen"",""Mitch""]},""v15"":{ ""group"":""B"",""answers"":[""Laura"",""Nynke"",""Maria"",""Jill""]},""v11"":{ ""group"":""A"",""answers"":[""Pauline"",""Willemijn"",""Annemarie"",""Marissa""]},""v9"":{ ""group"":""A"",""answers"":[""Anne"",""Tessa"",""Lotte"",""Nina""]},""v1"":{ ""group"":""A"",""answers"":[""Daan"",""Bart"",""Rick"",""Tom""]},""v8"":{ ""group"":""B"",""answers"":[""Ward"",""Jelte"",""Markus"",""Scott""]},""v3"":{ ""group"":""A"",""answers"":[""Rens"",""Sem"",""Luc"",""Joep""]},""v14"":{ ""group"":""A"",""answers"":[""Lana"",""Stella"",""Mila"",""Dewi""]},""v13"":{ ""group"":""B"",""answers"":[""Jaap"",""Marten"",""Arend"",""Finn""]},""v2"":{ ""group"":""B"",""answers"":[""Sanne"",""Femke"",""Kim"",""Johanna""]},""v7"":{ ""group"":""B"",""answers"":[""Anyck"",""Benthe"",""Jantine"",""Lois""]},""v6"":{ ""group"":""A"",""answers"":[""Nadine"",""Amanda"",""Sabrina"",""Cynthia""]},""v10"":{ ""group"":""B"",""answers"":[""Iris"",""Nienke"",""Cornelia"",""Britt""]}}","79","man","","WO","","Bart","Femke","Sem","Mitch","Francisca","Sabrina","Anyck","Jelte","Anne","Nienke","Annemarie","Eline","Arend","Mila","Jill","Nee",""
"51","1980-01-01 00:00:00","19","en","{ ""v5"":{ ""group"":""B"",""answers"":[""Francisca"",""Hester"",""Malou"",""Gwen""]},""v12"":{ ""group"":""A"",""answers"":[""Romy"",""Denise"",""Naomi"",""Sharon""]},""v4"":{ ""group"":""B"",""answers"":[""Lex"",""Douwe"",""Harmen"",""Mitch""]},""v15"":{ ""group"":""A"",""answers"":[""Laura"",""Sandra"",""Ilse"",""Ellen""]},""v11"":{ ""group"":""A"",""answers"":[""Pauline"",""Willemijn"",""Annemarie"",""Marissa""]},""v9"":{ ""group"":""B"",""answers"":[""Anne"",""Maaike"",""Elisabeth"",""Joyce""]},""v1"":{ ""group"":""B"",""answers"":[""Daan"",""Jelle"",""Willem"",""Mike""]},""v8"":{ ""group"":""A"",""answers"":[""Ward"",""Noud"",""Abel"",""Sten""]},""v3"":{ ""group"":""A"",""answers"":[""Rens"",""Sem"",""Luc"",""Joep""]},""v14"":{ ""group"":""B"",""answers"":[""Lana"",""Rinske"",""Theresia"",""Yentl""]},""v13"":{ ""group"":""B"",""answers"":[""Jaap"",""Marten"",""Arend"",""Finn""]},""v2"":{ ""group"":""B"",""answers"":[""Sanne"",""Femke"",""Kim"",""Johanna""]},""v7"":{ ""group"":""A"",""answers"":[""Anyck"",""Valérie"",""Marie"",""Inez""]},""v6"":{ ""group"":""A"",""answers"":[""Nadine"",""Amanda"",""Sabrina"",""Cynthia""]},""v10"":{ ""group"":""B"",""answers"":[""Iris"",""Nienke"",""Cornelia"",""Britt""]}}","59","vrouw","","WO","","Jelle","Femke","Joep","Mitch","Francisca","Cynthia","Valérie","Ward","Anne","Iris","Willemijn","Denise","Marten","Yentl","Ilse","Nee",""
"52","1980-01-01 00:00:00","19","en","{ ""v5"":{ ""group"":""B"",""answers"":[""Francisca"",""Hester"",""Malou"",""Gwen""]},""v12"":{ ""group"":""B"",""answers"":[""Romy"",""Fenna"",""Adriana"",""Eline""]},""v4"":{ ""group"":""B"",""answers"":[""Lex"",""Douwe"",""Harmen"",""Mitch""]},""v15"":{ ""group"":""B"",""answers"":[""Laura"",""Nynke"",""Maria"",""Jill""]},""v11"":{ ""group"":""B"",""answers"":[""Pauline"",""Wietske"",""Christina"",""Megan""]},""v9"":{ ""group"":""A"",""answers"":[""Anne"",""Tessa"",""Lotte"",""Nina""]},""v1"":{ ""group"":""A"",""answers"":[""Daan"",""Bart"",""Rick"",""Tom""]},""v8"":{ ""group"":""B"",""answers"":[""Ward"",""Jelte"",""Markus"",""Scott""]},""v3"":{ ""group"":""A"",""answers"":[""Rens"",""Sem"",""Luc"",""Joep""]},""v14"":{ ""group"":""A"",""answers"":[""Lana"",""Stella"",""Mila"",""Dewi""]},""v13"":{ ""group"":""A"",""answers"":[""Jaap"",""Boris"",""Freek"",""Mart""]},""v2"":{ ""group"":""A"",""answers"":[""Sanne"",""Lisa"",""Eva"",""Roos""]},""v7"":{ ""group"":""A"",""answers"":[""Anyck"",""Valérie"",""Marie"",""Inez""]},""v6"":{ ""group"":""B"",""answers"":[""Nadine"",""Renske"",""Wilhelmina"",""Lianne""]},""v10"":{ ""group"":""A"",""answers"":[""Iris"",""Floor"",""Lieke"",""Vera""]}}","40","man","","WO","","Rick","Lisa","Luc","Douwe","Hester","Renske","Valérie","Ward","Tessa","Iris","Wietske","Eline","Freek","Dewi","Jill","Nee",""
"53","1980-01-01 00:00:00","19","en","{ ""v5"":{ ""group"":""A"",""answers"":[""Francisca"",""Margaretha"",""Carolina"",""Antonia""]},""v12"":{ ""group"":""A"",""answers"":[""Romy"",""Denise"",""Naomi"",""Sharon""]},""v4"":{ ""group"":""A"",""answers"":[""Lex"",""Jort"",""Wout"",""Jip""]},""v15"":{ ""group"":""B"",""answers"":[""Laura"",""Nynke"",""Maria"",""Jill""]},""v11"":{ ""group"":""A"",""answers"":[""Pauline"",""Willemijn"",""Annemarie"",""Marissa""]},""v9"":{ ""group"":""B"",""answers"":[""Anne"",""Maaike"",""Elisabeth"",""Joyce""]},""v1"":{ ""group"":""B"",""answers"":[""Daan"",""Jelle"",""Willem"",""Mike""]},""v8"":{ ""group"":""A"",""answers"":[""Ward"",""Noud"",""Abel"",""Sten""]},""v3"":{ ""group"":""A"",""answers"":[""Rens"",""Sem"",""Luc"",""Joep""]},""v14"":{ ""group"":""B"",""answers"":[""Lana"",""Rinske"",""Theresia"",""Yentl""]},""v13"":{ ""group"":""A"",""answers"":[""Jaap"",""Boris"",""Freek"",""Mart""]},""v2"":{ ""group"":""B"",""answers"":[""Sanne"",""Femke"",""Kim"",""Johanna""]},""v7"":{ ""group"":""A"",""answers"":[""Anyck"",""Valérie"",""Marie"",""Inez""]},""v6"":{ ""group"":""B"",""answers"":[""Nadine"",""Renske"",""Wilhelmina"",""Lianne""]},""v10"":{ ""group"":""B"",""answers"":[""Iris"",""Nienke"",""Cornelia"",""Britt""]}}","20","vrouw","","WO","","Mike","Sanne","Luc","Wout","Francisca","Lianne","Inez","Noud","Anne","Iris","Marissa","Romy","Jaap","Lana","Jill","Nee",""
"54","1980-01-01 00:00:00","19","en","{ ""v5"":{ ""group"":""A"",""answers"":[""Francisca"",""Margaretha"",""Carolina"",""Antonia""]},""v12"":{ ""group"":""B"",""answers"":[""Romy"",""Fenna"",""Adriana"",""Eline""]},""v4"":{ ""group"":""B"",""answers"":[""Lex"",""Douwe"",""Harmen"",""Mitch""]},""v15"":{ ""group"":""B"",""answers"":[""Laura"",""Nynke"",""Maria"",""Jill""]},""v11"":{ ""group"":""B"",""answers"":[""Pauline"",""Wietske"",""Christina"",""Megan""]},""v9"":{ ""group"":""B"",""answers"":[""Anne"",""Maaike"",""Elisabeth"",""Joyce""]},""v1"":{ ""group"":""B"",""answers"":[""Daan"",""Jelle"",""Willem"",""Mike""]},""v8"":{ ""group"":""A"",""answers"":[""Ward"",""Noud"",""Abel"",""Sten""]},""v3"":{ ""group"":""B"",""answers"":[""Rens"",""Hidde"",""Jacob"",""Dave""]},""v14"":{ ""group"":""A"",""answers"":[""Lana"",""Stella"",""Mila"",""Dewi""]},""v13"":{ ""group"":""B"",""answers"":[""Jaap"",""Marten"",""Arend"",""Finn""]},""v2"":{ ""group"":""A"",""answers"":[""Sanne"",""Lisa"",""Eva"",""Roos""]},""v7"":{ ""group"":""A"",""answers"":[""Anyck"",""Valérie"",""Marie"",""Inez""]},""v6"":{ ""group"":""A"",""answers"":[""Nadine"",""Amanda"",""Sabrina"",""Cynthia""]},""v10"":{ ""group"":""A"",""answers"":[""Iris"",""Floor"",""Lieke"",""Vera""]}}","20","vrouw","","WO","","Daan","Lisa","Rens","Harmen","Francisca","Cynthia","Inez","Ward","Anne","Iris","Wietske","Eline","Jaap","Lana","Jill","Nee",""
"55","1980-01-01 00:00:00","19","en","{ ""v5"":{ ""group"":""A"",""answers"":[""Francisca"",""Margaretha"",""Carolina"",""Antonia""]},""v12"":{ ""group"":""B"",""answers"":[""Romy"",""Fenna"",""Adriana"",""Eline""]},""v4"":{ ""group"":""B"",""answers"":[""Lex"",""Douwe"",""Harmen"",""Mitch""]},""v15"":{ ""group"":""A"",""answers"":[""Laura"",""Sandra"",""Ilse"",""Ellen""]},""v11"":{ ""group"":""B"",""answers"":[""Pauline"",""Wietske"",""Christina"",""Megan""]},""v9"":{ ""group"":""B"",""answers"":[""Anne"",""Maaike"",""Elisabeth"",""Joyce""]},""v1"":{ ""group"":""B"",""answers"":[""Daan"",""Jelle"",""Willem"",""Mike""]},""v8"":{ ""group"":""B"",""answers"":[""Ward"",""Jelte"",""Markus"",""Scott""]},""v3"":{ ""group"":""A"",""answers"":[""Rens"",""Sem"",""Luc"",""Joep""]},""v14"":{ ""group"":""A"",""answers"":[""Lana"",""Stella"",""Mila"",""Dewi""]},""v13"":{ ""group"":""A"",""answers"":[""Jaap"",""Boris"",""Freek"",""Mart""]},""v2"":{ ""group"":""A"",""answers"":[""Sanne"",""Lisa"",""Eva"",""Roos""]},""v7"":{ ""group"":""A"",""answers"":[""Anyck"",""Valérie"",""Marie"",""Inez""]},""v6"":{ ""group"":""A"",""answers"":[""Nadine"",""Amanda"",""Sabrina"",""Cynthia""]},""v10"":{ ""group"":""B"",""answers"":[""Iris"",""Nienke"",""Cornelia"",""Britt""]}}","23","man","","WO","","Daan","Sanne","Rens","Harmen","Francisca","Nadine","Valérie","Jelte","Joyce","Nienke","Pauline","Romy","Boris","Mila","Sandra","Ja",""
"56","1980-01-01 00:00:00","19","en","{ ""v5"":{ ""group"":""B"",""answers"":[""Francisca"",""Hester"",""Malou"",""Gwen""]},""v12"":{ ""group"":""A"",""answers"":[""Romy"",""Denise"",""Naomi"",""Sharon""]},""v4"":{ ""group"":""A"",""answers"":[""Lex"",""Jort"",""Wout"",""Jip""]},""v15"":{ ""group"":""A"",""answers"":[""Laura"",""Sandra"",""Ilse"",""Ellen""]},""v11"":{ ""group"":""A"",""answers"":[""Pauline"",""Willemijn"",""Annemarie"",""Marissa""]},""v9"":{ ""group"":""B"",""answers"":[""Anne"",""Maaike"",""Elisabeth"",""Joyce""]},""v1"":{ ""group"":""A"",""answers"":[""Daan"",""Bart"",""Rick"",""Tom""]},""v8"":{ ""group"":""B"",""answers"":[""Ward"",""Jelte"",""Markus"",""Scott""]},""v3"":{ ""group"":""B"",""answers"":[""Rens"",""Hidde"",""Jacob"",""Dave""]},""v14"":{ ""group"":""B"",""answers"":[""Lana"",""Rinske"",""Theresia"",""Yentl""]},""v13"":{ ""group"":""B"",""answers"":[""Jaap"",""Marten"",""Arend"",""Finn""]},""v2"":{ ""group"":""A"",""answers"":[""Sanne"",""Lisa"",""Eva"",""Roos""]},""v7"":{ ""group"":""B"",""answers"":[""Anyck"",""Benthe"",""Jantine"",""Lois""]},""v6"":{ ""group"":""A"",""answers"":[""Nadine"",""Amanda"",""Sabrina"",""Cynthia""]},""v10"":{ ""group"":""A"",""answers"":[""Iris"",""Floor"",""Lieke"",""Vera""]}}","18","vrouw","","VWO","","Rick","Roos","Dave","Lex","Francisca","Nadine","Benthe","Ward","Maaike","Iris","Pauline","Denise","Marten","Yentl","Ilse","Nee",""
"57","1980-01-01 00:00:00","19","en","{ ""v5"":{ ""group"":""B"",""answers"":[""Francisca"",""Hester"",""Malou"",""Gwen""]},""v12"":{ ""group"":""A"",""answers"":[""Romy"",""Denise"",""Naomi"",""Sharon""]},""v4"":{ ""group"":""A"",""answers"":[""Lex"",""Jort"",""Wout"",""Jip""]},""v15"":{ ""group"":""A"",""answers"":[""Laura"",""Sandra"",""Ilse"",""Ellen""]},""v11"":{ ""group"":""A"",""answers"":[""Pauline"",""Willemijn"",""Annemarie"",""Marissa""]},""v9"":{ ""group"":""A"",""answers"":[""Anne"",""Tessa"",""Lotte"",""Nina""]},""v1"":{ ""group"":""B"",""answers"":[""Daan"",""Jelle"",""Willem"",""Mike""]},""v8"":{ ""group"":""B"",""answers"":[""Ward"",""Jelte"",""Markus"",""Scott""]},""v3"":{ ""group"":""B"",""answers"":[""Rens"",""Hidde"",""Jacob"",""Dave""]},""v14"":{ ""group"":""A"",""answers"":[""Lana"",""Stella"",""Mila"",""Dewi""]},""v13"":{ ""group"":""B"",""answers"":[""Jaap"",""Marten"",""Arend"",""Finn""]},""v2"":{ ""group"":""A"",""answers"":[""Sanne"",""Lisa"",""Eva"",""Roos""]},""v7"":{ ""group"":""B"",""answers"":[""Anyck"",""Benthe"",""Jantine"",""Lois""]},""v6"":{ ""group"":""B"",""answers"":[""Nadine"",""Renske"",""Wilhelmina"",""Lianne""]},""v10"":{ ""group"":""B"",""answers"":[""Iris"",""Nienke"",""Cornelia"",""Britt""]}}","17","man","","VWO","","Mike","Sanne","Dave","Wout","Malou","Renske","Benthe","Markus","Tessa","Iris","Pauline","Denise","Marten","Dewi","Sandra","Nee",""
"58","1980-01-01 00:00:00","19","en","{ ""v5"":{ ""group"":""B"",""answers"":[""Francisca"",""Hester"",""Malou"",""Gwen""]},""v12"":{ ""group"":""B"",""answers"":[""Romy"",""Fenna"",""Adriana"",""Eline""]},""v4"":{ ""group"":""B"",""answers"":[""Lex"",""Douwe"",""Harmen"",""Mitch""]},""v15"":{ ""group"":""B"",""answers"":[""Laura"",""Nynke"",""Maria"",""Jill""]},""v11"":{ ""group"":""A"",""answers"":[""Pauline"",""Willemijn"",""Annemarie"",""Marissa""]},""v9"":{ ""group"":""A"",""answers"":[""Anne"",""Tessa"",""Lotte"",""Nina""]},""v1"":{ ""group"":""B"",""answers"":[""Daan"",""Jelle"",""Willem"",""Mike""]},""v8"":{ ""group"":""A"",""answers"":[""Ward"",""Noud"",""Abel"",""Sten""]},""v3"":{ ""group"":""A"",""answers"":[""Rens"",""Sem"",""Luc"",""Joep""]},""v14"":{ ""group"":""A"",""answers"":[""Lana"",""Stella"",""Mila"",""Dewi""]},""v13"":{ ""group"":""B"",""answers"":[""Jaap"",""Marten"",""Arend"",""Finn""]},""v2"":{ ""group"":""A"",""answers"":[""Sanne"",""Lisa"",""Eva"",""Roos""]},""v7"":{ ""group"":""A"",""answers"":[""Anyck"",""Valérie"",""Marie"",""Inez""]},""v6"":{ ""group"":""A"",""answers"":[""Nadine"",""Amanda"",""Sabrina"",""Cynthia""]},""v10"":{ ""group"":""B"",""answers"":[""Iris"",""Nienke"",""Cornelia"",""Britt""]}}","59","vrouw","","HBO","","Jelle","Sanne","Luc","Harmen","Francisca","Nadine","Inez","Sten","Anne","Iris","Willemijn","Romy","Arend","Dewi","Nynke","Nee",""
"59","1980-01-01 00:00:00","19","en","{ ""v5"":{ ""group"":""B"",""answers"":[""Francisca"",""Hester"",""Malou"",""Gwen""]},""v12"":{ ""group"":""B"",""answers"":[""Romy"",""Fenna"",""Adriana"",""Eline""]},""v4"":{ ""group"":""B"",""answers"":[""Lex"",""Douwe"",""Harmen"",""Mitch""]},""v15"":{ ""group"":""B"",""answers"":[""Laura"",""Nynke"",""Maria"",""Jill""]},""v11"":{ ""group"":""B"",""answers"":[""Pauline"",""Wietske"",""Christina"",""Megan""]},""v9"":{ ""group"":""A"",""answers"":[""Anne"",""Tessa"",""Lotte"",""Nina""]},""v1"":{ ""group"":""A"",""answers"":[""Daan"",""Bart"",""Rick"",""Tom""]},""v8"":{ ""group"":""A"",""answers"":[""Ward"",""Noud"",""Abel"",""Sten""]},""v3"":{ ""group"":""A"",""answers"":[""Rens"",""Sem"",""Luc"",""Joep""]},""v14"":{ ""group"":""A"",""answers"":[""Lana"",""Stella"",""Mila"",""Dewi""]},""v13"":{ ""group"":""A"",""answers"":[""Jaap"",""Boris"",""Freek"",""Mart""]},""v2"":{ ""group"":""B"",""answers"":[""Sanne"",""Femke"",""Kim"",""Johanna""]},""v7"":{ ""group"":""A"",""answers"":[""Anyck"",""Valérie"",""Marie"",""Inez""]},""v6"":{ ""group"":""B"",""answers"":[""Nadine"",""Renske"",""Wilhelmina"",""Lianne""]},""v10"":{ ""group"":""A"",""answers"":[""Iris"",""Floor"",""Lieke"",""Vera""]}}","17","man","","VWO","","Bart","Sanne","Luc","Mitch","Malou","Lianne","Anyck","Abel","Tessa","Floor","Wietske","Romy","Boris","Dewi","Nynke","Nee",""
"60","1980-01-01 00:00:00","19","en","{ ""v5"":{ ""group"":""A"",""answers"":[""Francisca"",""Margaretha"",""Carolina"",""Antonia""]},""v12"":{ ""group"":""B"",""answers"":[""Romy"",""Fenna"",""Adriana"",""Eline""]},""v4"":{ ""group"":""A"",""answers"":[""Lex"",""Jort"",""Wout"",""Jip""]},""v15"":{ ""group"":""A"",""answers"":[""Laura"",""Sandra"",""Ilse"",""Ellen""]},""v11"":{ ""group"":""A"",""answers"":[""Pauline"",""Willemijn"",""Annemarie"",""Marissa""]},""v9"":{ ""group"":""B"",""answers"":[""Anne"",""Maaike"",""Elisabeth"",""Joyce""]},""v1"":{ ""group"":""B"",""answers"":[""Daan"",""Jelle"",""Willem"",""Mike""]},""v8"":{ ""group"":""B"",""answers"":[""Ward"",""Jelte"",""Markus"",""Scott""]},""v3"":{ ""group"":""B"",""answers"":[""Rens"",""Hidde"",""Jacob"",""Dave""]},""v14"":{ ""group"":""A"",""answers"":[""Lana"",""Stella"",""Mila"",""Dewi""]},""v13"":{ ""group"":""B"",""answers"":[""Jaap"",""Marten"",""Arend"",""Finn""]},""v2"":{ ""group"":""B"",""answers"":[""Sanne"",""Femke"",""Kim"",""Johanna""]},""v7"":{ ""group"":""A"",""answers"":[""Anyck"",""Valérie"",""Marie"",""Inez""]},""v6"":{ ""group"":""A"",""answers"":[""Nadine"",""Amanda"",""Sabrina"",""Cynthia""]},""v10"":{ ""group"":""A"",""answers"":[""Iris"",""Floor"",""Lieke"",""Vera""]}}","15","vrouw","","VWO","","Daan","Femke","Hidde","Lex","Francisca","Cynthia","Marie","Ward","Anne","Vera","Willemijn","Fenna","Finn","Mila","Sandra","Nee",""
"61","1980-01-01 00:00:00","19","en","{ ""v5"":{ ""group"":""B"",""answers"":[""Francisca"",""Hester"",""Malou"",""Gwen""]},""v12"":{ ""group"":""A"",""answers"":[""Romy"",""Denise"",""Naomi"",""Sharon""]},""v4"":{ ""group"":""B"",""answers"":[""Lex"",""Douwe"",""Harmen"",""Mitch""]},""v15"":{ ""group"":""B"",""answers"":[""Laura"",""Nynke"",""Maria"",""Jill""]},""v11"":{ ""group"":""B"",""answers"":[""Pauline"",""Wietske"",""Christina"",""Megan""]},""v9"":{ ""group"":""A"",""answers"":[""Anne"",""Tessa"",""Lotte"",""Nina""]},""v1"":{ ""group"":""A"",""answers"":[""Daan"",""Bart"",""Rick"",""Tom""]},""v8"":{ ""group"":""A"",""answers"":[""Ward"",""Noud"",""Abel"",""Sten""]},""v3"":{ ""group"":""B"",""answers"":[""Rens"",""Hidde"",""Jacob"",""Dave""]},""v14"":{ ""group"":""B"",""answers"":[""Lana"",""Rinske"",""Theresia"",""Yentl""]},""v13"":{ ""group"":""A"",""answers"":[""Jaap"",""Boris"",""Freek"",""Mart""]},""v2"":{ ""group"":""B"",""answers"":[""Sanne"",""Femke"",""Kim"",""Johanna""]},""v7"":{ ""group"":""A"",""answers"":[""Anyck"",""Valérie"",""Marie"",""Inez""]},""v6"":{ ""group"":""B"",""answers"":[""Nadine"",""Renske"",""Wilhelmina"",""Lianne""]},""v10"":{ ""group"":""A"",""answers"":[""Iris"",""Floor"",""Lieke"",""Vera""]}}","16","vrouw","","VWO","","Daan","Femke","Rens","Douwe","Francisca","Lianne","Valérie","Ward","Anne","Vera","Pauline","Romy","Freek","Lana","Nynke","Nee",""
"62","1980-01-01 00:00:00","19","en","{ ""v5"":{ ""group"":""A"",""answers"":[""Francisca"",""Margaretha"",""Carolina"",""Antonia""]},""v12"":{ ""group"":""B"",""answers"":[""Romy"",""Fenna"",""Adriana"",""Eline""]},""v4"":{ ""group"":""B"",""answers"":[""Lex"",""Douwe"",""Harmen"",""Mitch""]},""v15"":{ ""group"":""A"",""answers"":[""Laura"",""Sandra"",""Ilse"",""Ellen""]},""v11"":{ ""group"":""A"",""answers"":[""Pauline"",""Willemijn"",""Annemarie"",""Marissa""]},""v9"":{ ""group"":""B"",""answers"":[""Anne"",""Maaike"",""Elisabeth"",""Joyce""]},""v1"":{ ""group"":""B"",""answers"":[""Daan"",""Jelle"",""Willem"",""Mike""]},""v8"":{ ""group"":""A"",""answers"":[""Ward"",""Noud"",""Abel"",""Sten""]},""v3"":{ ""group"":""B"",""answers"":[""Rens"",""Hidde"",""Jacob"",""Dave""]},""v14"":{ ""group"":""B"",""answers"":[""Lana"",""Rinske"",""Theresia"",""Yentl""]},""v13"":{ ""group"":""A"",""answers"":[""Jaap"",""Boris"",""Freek"",""Mart""]},""v2"":{ ""group"":""B"",""answers"":[""Sanne"",""Femke"",""Kim"",""Johanna""]},""v7"":{ ""group"":""A"",""answers"":[""Anyck"",""Valérie"",""Marie"",""Inez""]},""v6"":{ ""group"":""B"",""answers"":[""Nadine"",""Renske"",""Wilhelmina"",""Lianne""]},""v10"":{ ""group"":""A"",""answers"":[""Iris"",""Floor"",""Lieke"",""Vera""]}}","17","vrouw","","VWO","","Daan","Sanne","Rens","Douwe","Antonia","Renske","Valérie","Abel","Joyce","Lieke","Willemijn","Fenna","Mart","Yentl","Laura","Nee",""
"63","1980-01-01 00:00:00","19","en","{ ""v5"":{ ""group"":""A"",""answers"":[""Francisca"",""Margaretha"",""Carolina"",""Antonia""]},""v12"":{ ""group"":""A"",""answers"":[""Romy"",""Denise"",""Naomi"",""Sharon""]},""v4"":{ ""group"":""B"",""answers"":[""Lex"",""Douwe"",""Harmen"",""Mitch""]},""v15"":{ ""group"":""A"",""answers"":[""Laura"",""Sandra"",""Ilse"",""Ellen""]},""v11"":{ ""group"":""A"",""answers"":[""Pauline"",""Willemijn"",""Annemarie"",""Marissa""]},""v9"":{ ""group"":""B"",""answers"":[""Anne"",""Maaike"",""Elisabeth"",""Joyce""]},""v1"":{ ""group"":""B"",""answers"":[""Daan"",""Jelle"",""Willem"",""Mike""]},""v8"":{ ""group"":""B"",""answers"":[""Ward"",""Jelte"",""Markus"",""Scott""]},""v3"":{ ""group"":""B"",""answers"":[""Rens"",""Hidde"",""Jacob"",""Dave""]},""v14"":{ ""group"":""B"",""answers"":[""Lana"",""Rinske"",""Theresia"",""Yentl""]},""v13"":{ ""group"":""A"",""answers"":[""Jaap"",""Boris"",""Freek"",""Mart""]},""v2"":{ ""group"":""A"",""answers"":[""Sanne"",""Lisa"",""Eva"",""Roos""]},""v7"":{ ""group"":""A"",""answers"":[""Anyck"",""Valérie"",""Marie"",""Inez""]},""v6"":{ ""group"":""B"",""answers"":[""Nadine"",""Renske"",""Wilhelmina"",""Lianne""]},""v10"":{ ""group"":""B"",""answers"":[""Iris"",""Nienke"",""Cornelia"",""Britt""]}}","28","vrouw","","WO","","Daan","Sanne","Rens","Mitch","Francisca","Renske","Valérie","Jelte","Joyce","Nienke","Pauline","Naomi","Freek","Yentl","Laura","Ja",""
"64","1980-01-01 00:00:00","19","en","{ ""v5"":{ ""group"":""A"",""answers"":[""Francisca"",""Margaretha"",""Carolina"",""Antonia""]},""v12"":{ ""group"":""A"",""answers"":[""Romy"",""Denise"",""Naomi"",""Sharon""]},""v4"":{ ""group"":""B"",""answers"":[""Lex"",""Douwe"",""Harmen"",""Mitch""]},""v15"":{ ""group"":""B"",""answers"":[""Laura"",""Nynke"",""Maria"",""Jill""]},""v11"":{ ""group"":""A"",""answers"":[""Pauline"",""Willemijn"",""Annemarie"",""Marissa""]},""v9"":{ ""group"":""B"",""answers"":[""Anne"",""Maaike"",""Elisabeth"",""Joyce""]},""v1"":{ ""group"":""A"",""answers"":[""Daan"",""Bart"",""Rick"",""Tom""]},""v8"":{ ""group"":""A"",""answers"":[""Ward"",""Noud"",""Abel"",""Sten""]},""v3"":{ ""group"":""A"",""answers"":[""Rens"",""Sem"",""Luc"",""Joep""]},""v14"":{ ""group"":""A"",""answers"":[""Lana"",""Stella"",""Mila"",""Dewi""]},""v13"":{ ""group"":""B"",""answers"":[""Jaap"",""Marten"",""Arend"",""Finn""]},""v2"":{ ""group"":""B"",""answers"":[""Sanne"",""Femke"",""Kim"",""Johanna""]},""v7"":{ ""group"":""B"",""answers"":[""Anyck"",""Benthe"",""Jantine"",""Lois""]},""v6"":{ ""group"":""B"",""answers"":[""Nadine"",""Renske"",""Wilhelmina"",""Lianne""]},""v10"":{ ""group"":""B"",""answers"":[""Iris"",""Nienke"",""Cornelia"",""Britt""]}}","18","vrouw","","VWO","","Tom","Femke","Joep","Douwe","Francisca","Lianne","Benthe","Noud","Joyce","Iris","Willemijn","Denise","Finn","Mila","Laura","Nee",""
"65","1980-01-01 00:00:00","19","en","{ ""v5"":{ ""group"":""A"",""answers"":[""Francisca"",""Margaretha"",""Carolina"",""Antonia""]},""v12"":{ ""group"":""B"",""answers"":[""Romy"",""Fenna"",""Adriana"",""Eline""]},""v4"":{ ""group"":""B"",""answers"":[""Lex"",""Douwe"",""Harmen"",""Mitch""]},""v15"":{ ""group"":""B"",""answers"":[""Laura"",""Nynke"",""Maria"",""Jill""]},""v11"":{ ""group"":""A"",""answers"":[""Pauline"",""Willemijn"",""Annemarie"",""Marissa""]},""v9"":{ ""group"":""B"",""answers"":[""Anne"",""Maaike"",""Elisabeth"",""Joyce""]},""v1"":{ ""group"":""B"",""answers"":[""Daan"",""Jelle"",""Willem"",""Mike""]},""v8"":{ ""group"":""A"",""answers"":[""Ward"",""Noud"",""Abel"",""Sten""]},""v3"":{ ""group"":""B"",""answers"":[""Rens"",""Hidde"",""Jacob"",""Dave""]},""v14"":{ ""group"":""A"",""answers"":[""Lana"",""Stella"",""Mila"",""Dewi""]},""v13"":{ ""group"":""A"",""answers"":[""Jaap"",""Boris"",""Freek"",""Mart""]},""v2"":{ ""group"":""B"",""answers"":[""Sanne"",""Femke"",""Kim"",""Johanna""]},""v7"":{ ""group"":""B"",""answers"":[""Anyck"",""Benthe"",""Jantine"",""Lois""]},""v6"":{ ""group"":""A"",""answers"":[""Nadine"",""Amanda"",""Sabrina"",""Cynthia""]},""v10"":{ ""group"":""A"",""answers"":[""Iris"",""Floor"",""Lieke"",""Vera""]}}","23","vrouw","","WO","","Daan","Femke","Dave","Douwe","Francisca","Sabrina","Anyck","Ward","Joyce","Lieke","Pauline","Eline","Freek","Mila","Laura","Nee",""
"66","1980-01-01 00:00:00","19","en","{ ""v5"":{ ""group"":""B"",""answers"":[""Francisca"",""Hester"",""Malou"",""Gwen""]},""v12"":{ ""group"":""A"",""answers"":[""Romy"",""Denise"",""Naomi"",""Sharon""]},""v4"":{ ""group"":""B"",""answers"":[""Lex"",""Douwe"",""Harmen"",""Mitch""]},""v15"":{ ""group"":""B"",""answers"":[""Laura"",""Nynke"",""Maria"",""Jill""]},""v11"":{ ""group"":""B"",""answers"":[""Pauline"",""Wietske"",""Christina"",""Megan""]},""v9"":{ ""group"":""B"",""answers"":[""Anne"",""Maaike"",""Elisabeth"",""Joyce""]},""v1"":{ ""group"":""A"",""answers"":[""Daan"",""Bart"",""Rick"",""Tom""]},""v8"":{ ""group"":""A"",""answers"":[""Ward"",""Noud"",""Abel"",""Sten""]},""v3"":{ ""group"":""A"",""answers"":[""Rens"",""Sem"",""Luc"",""Joep""]},""v14"":{ ""group"":""A"",""answers"":[""Lana"",""Stella"",""Mila"",""Dewi""]},""v13"":{ ""group"":""A"",""answers"":[""Jaap"",""Boris"",""Freek"",""Mart""]},""v2"":{ ""group"":""B"",""answers"":[""Sanne"",""Femke"",""Kim"",""Johanna""]},""v7"":{ ""group"":""A"",""answers"":[""Anyck"",""Valérie"",""Marie"",""Inez""]},""v6"":{ ""group"":""A"",""answers"":[""Nadine"",""Amanda"",""Sabrina"",""Cynthia""]},""v10"":{ ""group"":""B"",""answers"":[""Iris"",""Nienke"",""Cornelia"",""Britt""]}}","46","vrouw","","VWO","","Tom","Kim","Rens","Lex","Malou","Cynthia","Anyck","Sten","Elisabeth","Britt","Pauline","Romy","Mart","Dewi","Laura","Nee",""
"67","1980-01-01 00:00:00","19","en","{ ""v5"":{ ""group"":""B"",""answers"":[""Francisca"",""Hester"",""Malou"",""Gwen""]},""v12"":{ ""group"":""A"",""answers"":[""Romy"",""Denise"",""Naomi"",""Sharon""]},""v4"":{ ""group"":""A"",""answers"":[""Lex"",""Jort"",""Wout"",""Jip""]},""v15"":{ ""group"":""B"",""answers"":[""Laura"",""Nynke"",""Maria"",""Jill""]},""v11"":{ ""group"":""A"",""answers"":[""Pauline"",""Willemijn"",""Annemarie"",""Marissa""]},""v9"":{ ""group"":""B"",""answers"":[""Anne"",""Maaike"",""Elisabeth"",""Joyce""]},""v1"":{ ""group"":""A"",""answers"":[""Daan"",""Bart"",""Rick"",""Tom""]},""v8"":{ ""group"":""A"",""answers"":[""Ward"",""Noud"",""Abel"",""Sten""]},""v3"":{ ""group"":""B"",""answers"":[""Rens"",""Hidde"",""Jacob"",""Dave""]},""v14"":{ ""group"":""A"",""answers"":[""Lana"",""Stella"",""Mila"",""Dewi""]},""v13"":{ ""group"":""B"",""answers"":[""Jaap"",""Marten"",""Arend"",""Finn""]},""v2"":{ ""group"":""A"",""answers"":[""Sanne"",""Lisa"",""Eva"",""Roos""]},""v7"":{ ""group"":""B"",""answers"":[""Anyck"",""Benthe"",""Jantine"",""Lois""]},""v6"":{ ""group"":""A"",""answers"":[""Nadine"",""Amanda"",""Sabrina"",""Cynthia""]},""v10"":{ ""group"":""B"",""answers"":[""Iris"",""Nienke"",""Cornelia"",""Britt""]}}","24","vrouw","","WO","","Tom","Lisa","Rens","Wout","Hester","Nadine","Benthe","Noud","Joyce","Nienke","Pauline","Denise","Marten","Dewi","Laura","Nee",""
"68","1980-01-01 00:00:00","19","en","{ ""v5"":{ ""group"":""B"",""answers"":[""Francisca"",""Hester"",""Malou"",""Gwen""]},""v12"":{ ""group"":""B"",""answers"":[""Romy"",""Fenna"",""Adriana"",""Eline""]},""v4"":{ ""group"":""B"",""answers"":[""Lex"",""Douwe"",""Harmen"",""Mitch""]},""v15"":{ ""group"":""B"",""answers"":[""Laura"",""Nynke"",""Maria"",""Jill""]},""v11"":{ ""group"":""B"",""answers"":[""Pauline"",""Wietske"",""Christina"",""Megan""]},""v9"":{ ""group"":""B"",""answers"":[""Anne"",""Maaike"",""Elisabeth"",""Joyce""]},""v1"":{ ""group"":""A"",""answers"":[""Daan"",""Bart"",""Rick"",""Tom""]},""v8"":{ ""group"":""A"",""answers"":[""Ward"",""Noud"",""Abel"",""Sten""]},""v3"":{ ""group"":""A"",""answers"":[""Rens"",""Sem"",""Luc"",""Joep""]},""v14"":{ ""group"":""A"",""answers"":[""Lana"",""Stella"",""Mila"",""Dewi""]},""v13"":{ ""group"":""B"",""answers"":[""Jaap"",""Marten"",""Arend"",""Finn""]},""v2"":{ ""group"":""A"",""answers"":[""Sanne"",""Lisa"",""Eva"",""Roos""]},""v7"":{ ""group"":""A"",""answers"":[""Anyck"",""Valérie"",""Marie"",""Inez""]},""v6"":{ ""group"":""B"",""answers"":[""Nadine"",""Renske"",""Wilhelmina"",""Lianne""]},""v10"":{ ""group"":""A"",""answers"":[""Iris"",""Floor"",""Lieke"",""Vera""]}}","33","vrouw","","HBO","","Rick","Sanne","Joep","Harmen","Gwen","Renske","Valérie","Ward","Joyce","Iris","Wietske","Eline","Jaap","Dewi","Nynke","Nee",""
"69","1980-01-01 00:00:00","19","en","{ ""v5"":{ ""group"":""A"",""answers"":[""Francisca"",""Margaretha"",""Carolina"",""Antonia""]},""v12"":{ ""group"":""B"",""answers"":[""Romy"",""Fenna"",""Adriana"",""Eline""]},""v4"":{ ""group"":""A"",""answers"":[""Lex"",""Jort"",""Wout"",""Jip""]},""v15"":{ ""group"":""B"",""answers"":[""Laura"",""Nynke"",""Maria"",""Jill""]},""v11"":{ ""group"":""B"",""answers"":[""Pauline"",""Wietske"",""Christina"",""Megan""]},""v9"":{ ""group"":""A"",""answers"":[""Anne"",""Tessa"",""Lotte"",""Nina""]},""v1"":{ ""group"":""B"",""answers"":[""Daan"",""Jelle"",""Willem"",""Mike""]},""v8"":{ ""group"":""B"",""answers"":[""Ward"",""Jelte"",""Markus"",""Scott""]},""v3"":{ ""group"":""A"",""answers"":[""Rens"",""Sem"",""Luc"",""Joep""]},""v14"":{ ""group"":""B"",""answers"":[""Lana"",""Rinske"",""Theresia"",""Yentl""]},""v13"":{ ""group"":""A"",""answers"":[""Jaap"",""Boris"",""Freek"",""Mart""]},""v2"":{ ""group"":""A"",""answers"":[""Sanne"",""Lisa"",""Eva"",""Roos""]},""v7"":{ ""group"":""B"",""answers"":[""Anyck"",""Benthe"",""Jantine"",""Lois""]},""v6"":{ ""group"":""A"",""answers"":[""Nadine"",""Amanda"",""Sabrina"",""Cynthia""]},""v10"":{ ""group"":""A"",""answers"":[""Iris"",""Floor"",""Lieke"",""Vera""]}}","50","vrouw","","WO","","Mike","Lisa","Rens","Lex","Carolina","Sabrina","Lois","Jelte","Lotte","Floor","Pauline","Adriana","Jaap","Lana","Laura","Nee",""
"70","1980-01-01 00:00:00","19","en","{ ""v5"":{ ""group"":""A"",""answers"":[""Francisca"",""Margaretha"",""Carolina"",""Antonia""]},""v12"":{ ""group"":""A"",""answers"":[""Romy"",""Denise"",""Naomi"",""Sharon""]},""v4"":{ ""group"":""B"",""answers"":[""Lex"",""Douwe"",""Harmen"",""Mitch""]},""v15"":{ ""group"":""B"",""answers"":[""Laura"",""Nynke"",""Maria"",""Jill""]},""v11"":{ ""group"":""A"",""answers"":[""Pauline"",""Willemijn"",""Annemarie"",""Marissa""]},""v9"":{ ""group"":""B"",""answers"":[""Anne"",""Maaike"",""Elisabeth"",""Joyce""]},""v1"":{ ""group"":""B"",""answers"":[""Daan"",""Jelle"",""Willem"",""Mike""]},""v8"":{ ""group"":""A"",""answers"":[""Ward"",""Noud"",""Abel"",""Sten""]},""v3"":{ ""group"":""B"",""answers"":[""Rens"",""Hidde"",""Jacob"",""Dave""]},""v14"":{ ""group"":""A"",""answers"":[""Lana"",""Stella"",""Mila"",""Dewi""]},""v13"":{ ""group"":""B"",""answers"":[""Jaap"",""Marten"",""Arend"",""Finn""]},""v2"":{ ""group"":""A"",""answers"":[""Sanne"",""Lisa"",""Eva"",""Roos""]},""v7"":{ ""group"":""B"",""answers"":[""Anyck"",""Benthe"",""Jantine"",""Lois""]},""v6"":{ ""group"":""B"",""answers"":[""Nadine"",""Renske"",""Wilhelmina"",""Lianne""]},""v10"":{ ""group"":""A"",""answers"":[""Iris"",""Floor"",""Lieke"",""Vera""]}}","19","vrouw","","WO","","Jelle","Roos","Rens","Lex","Carolina","Renske","Benthe","Sten","Joyce","Floor","Annemarie","Denise","Marten","Dewi","Laura","Nee",""
"71","1980-01-01 00:00:00","19","en","{ ""v5"":{ ""group"":""B"",""answers"":[""Francisca"",""Hester"",""Malou"",""Gwen""]},""v12"":{ ""group"":""A"",""answers"":[""Romy"",""Denise"",""Naomi"",""Sharon""]},""v4"":{ ""group"":""B"",""answers"":[""Lex"",""Douwe"",""Harmen"",""Mitch""]},""v15"":{ ""group"":""B"",""answers"":[""Laura"",""Nynke"",""Maria"",""Jill""]},""v11"":{ ""group"":""A"",""answers"":[""Pauline"",""Willemijn"",""Annemarie"",""Marissa""]},""v9"":{ ""group"":""A"",""answers"":[""Anne"",""Tessa"",""Lotte"",""Nina""]},""v1"":{ ""group"":""A"",""answers"":[""Daan"",""Bart"",""Rick"",""Tom""]},""v8"":{ ""group"":""B"",""answers"":[""Ward"",""Jelte"",""Markus"",""Scott""]},""v3"":{ ""group"":""A"",""answers"":[""Rens"",""Sem"",""Luc"",""Joep""]},""v14"":{ ""group"":""B"",""answers"":[""Lana"",""Rinske"",""Theresia"",""Yentl""]},""v13"":{ ""group"":""A"",""answers"":[""Jaap"",""Boris"",""Freek"",""Mart""]},""v2"":{ ""group"":""A"",""answers"":[""Sanne"",""Lisa"",""Eva"",""Roos""]},""v7"":{ ""group"":""B"",""answers"":[""Anyck"",""Benthe"",""Jantine"",""Lois""]},""v6"":{ ""group"":""A"",""answers"":[""Nadine"",""Amanda"",""Sabrina"",""Cynthia""]},""v10"":{ ""group"":""B"",""answers"":[""Iris"",""Nienke"",""Cornelia"",""Britt""]}}","22","vrouw","","WO","","Rick","Lisa","Rens","Lex","Hester","Amanda","Lois","Ward","Lotte","Britt","Annemarie","Sharon","Mart","Rinske","Nynke","Nee",""
"72","1980-01-01 00:00:00","19","en","{ ""v5"":{ ""group"":""A"",""answers"":[""Francisca"",""Margaretha"",""Carolina"",""Antonia""]},""v12"":{ ""group"":""B"",""answers"":[""Romy"",""Fenna"",""Adriana"",""Eline""]},""v4"":{ ""group"":""A"",""answers"":[""Lex"",""Jort"",""Wout"",""Jip""]},""v15"":{ ""group"":""B"",""answers"":[""Laura"",""Nynke"",""Maria"",""Jill""]},""v11"":{ ""group"":""B"",""answers"":[""Pauline"",""Wietske"",""Christina"",""Megan""]},""v9"":{ ""group"":""B"",""answers"":[""Anne"",""Maaike"",""Elisabeth"",""Joyce""]},""v1"":{ ""group"":""A"",""answers"":[""Daan"",""Bart"",""Rick"",""Tom""]},""v8"":{ ""group"":""B"",""answers"":[""Ward"",""Jelte"",""Markus"",""Scott""]},""v3"":{ ""group"":""A"",""answers"":[""Rens"",""Sem"",""Luc"",""Joep""]},""v14"":{ ""group"":""A"",""answers"":[""Lana"",""Stella"",""Mila"",""Dewi""]},""v13"":{ ""group"":""A"",""answers"":[""Jaap"",""Boris"",""Freek"",""Mart""]},""v2"":{ ""group"":""B"",""answers"":[""Sanne"",""Femke"",""Kim"",""Johanna""]},""v7"":{ ""group"":""A"",""answers"":[""Anyck"",""Valérie"",""Marie"",""Inez""]},""v6"":{ ""group"":""B"",""answers"":[""Nadine"",""Renske"",""Wilhelmina"",""Lianne""]},""v10"":{ ""group"":""B"",""answers"":[""Iris"",""Nienke"",""Cornelia"",""Britt""]}}","21","vrouw","","WO","","Daan","Sanne","Sem","Jort","Carolina","Renske","Marie","Jelte","Anne","Britt","Pauline","Eline","Mart","Mila","Nynke","Nee",""
"73","1980-01-01 00:00:00","19","en","{ ""v5"":{ ""group"":""B"",""answers"":[""Francisca"",""Hester"",""Malou"",""Gwen""]},""v12"":{ ""group"":""A"",""answers"":[""Romy"",""Denise"",""Naomi"",""Sharon""]},""v4"":{ ""group"":""A"",""answers"":[""Lex"",""Jort"",""Wout"",""Jip""]},""v15"":{ ""group"":""B"",""answers"":[""Laura"",""Nynke"",""Maria"",""Jill""]},""v11"":{ ""group"":""A"",""answers"":[""Pauline"",""Willemijn"",""Annemarie"",""Marissa""]},""v9"":{ ""group"":""B"",""answers"":[""Anne"",""Maaike"",""Elisabeth"",""Joyce""]},""v1"":{ ""group"":""B"",""answers"":[""Daan"",""Jelle"",""Willem"",""Mike""]},""v8"":{ ""group"":""B"",""answers"":[""Ward"",""Jelte"",""Markus"",""Scott""]},""v3"":{ ""group"":""A"",""answers"":[""Rens"",""Sem"",""Luc"",""Joep""]},""v14"":{ ""group"":""B"",""answers"":[""Lana"",""Rinske"",""Theresia"",""Yentl""]},""v13"":{ ""group"":""A"",""answers"":[""Jaap"",""Boris"",""Freek"",""Mart""]},""v2"":{ ""group"":""B"",""answers"":[""Sanne"",""Femke"",""Kim"",""Johanna""]},""v7"":{ ""group"":""A"",""answers"":[""Anyck"",""Valérie"",""Marie"",""Inez""]},""v6"":{ ""group"":""A"",""answers"":[""Nadine"",""Amanda"",""Sabrina"",""Cynthia""]},""v10"":{ ""group"":""A"",""answers"":[""Iris"",""Floor"",""Lieke"",""Vera""]}}","35","vrouw","","Other","WO DUITSLAND","Jelle","Sanne","Joep","Wout","Hester","Sabrina","Valérie","Ward","Anne","Iris","Willemijn","Sharon","Freek","Rinske","Nynke","Nee",""

